CRN;Course;Session;Title;Instructor;Time/Location;Credits
20331;ANTH 200 002;Full Term;INTRO TO STUDY OF LANGUAGE;Durian, David C.;9:25AM - 10:40AM TR HRG 10028-APR-2018 9:00AM - 12:00PM S TBA TBAScheduled Final Exam-OTR Room;3
24707;ANTH 201 001;Full Term;INTRO TO SOCIAL/CULTURAL ANTH;Wool, Zoe H.;9:25AM - 10:40AM TR RZR 12328-APR-2018 9:00AM - 12:00PM S TBA TBANo Final Exam;3
25453;ANTH 299 001;Full Term;EXPERIENTIAL EDUCATION IN ANTH;Wool, Zoe H.;TBA TBANo Final Exam;1
24489;ANTH 301 001;Full Term;PHONETICS;Durian, David C.;10:50AM - 12:05PM TR HUM 11926-APR-2018 9:00AM - 12:00PM R TBA TBATake-Home Exam;3
24708;ANTH 317 001;Full Term;REVOLUTIONS AND UTOPIAS;Boyer, Dominic C.;2:30PM - 5:00PM T DCC 1132-MAY-2018 9:00AM - 12:00PM W TBA TBANo Final Exam;3
24710;ANTH 345 001;Full Term;ARCHAEOLOGY IN SOCIAL CONTEXT;McIntosh, Susan K.;2:30PM - 3:45PM TR GRB W21230-APR-2018 2:00PM - 5:00PM M TBA TBANo Final Exam;3
24711;ANTH 362 001;Full Term;ARCHAEOLOGICAL FLD TECHNIQUES;Fleisher, Jeffrey B.;2:00PM - 4:30PM W SEW 10328-APR-2018 2:00PM - 5:00PM S TBA TBANo Final Exam;3
24713;ANTH 363 001;Full Term;EARLY CIVILIZATIONS;Morgan, Molly;1:00PM - 1:50PM MWF SEW 5601-MAY-2018 9:00AM - 12:00PM T TBA TBANo Final Exam;3
24104;ANTH 365 002;Full Term;POLITICS OF REPRESENTATION;Sharim, Yehuda;2:00PM - 3:15PM MW SEW 3071-MAY-2018 2:00PM - 5:00PM T TBA TBAScheduled Final Exam-OTR Room;3
24105;ANTH 376 002;Full Term;ART AND ACTIVISM;Sharim, Yehuda;4:00PM - 5:15PM MW SEW 56028-APR-2018 7:00PM - 10:00PM S TBA TBAScheduled Final Exam-OTR Room;3
25036;ANTH 396 001;Full Term;LAW AND RESISTANCE;Werth, Robert J.Ballestero, Andrea;2:00PM - 3:15PM MW RZR 1191-MAY-2018 2:00PM - 5:00PM T TBA TBAScheduled Final Exam-OTR Room;3
25020;ANTH 397 001;Full Term;ANTHROPOLOGY JOURNAL CLUB;Wool, Zoe H.Ballestero, Andrea;TBA TBA2-MAY-2018 7:00PM - 10:00PM W TBA TBANo Final Exam;1
20758;ANTH 404 002;Full Term;INDEPENDENT STUDY;Faubion, James D.;TBA TBANo Final Exam;1 TO 9
20201;ANTH 404 003;Full Term;INDEPENDENT STUDY;Georges, Eugenia;TBA TBANo Final Exam;1 TO 9
22022;ANTH 404 004;Full Term;INDEPENDENT STUDY;Howe, Alyssa C.;TBA TBA2-MAY-2018 7:00PM - 10:00PM W TBA TBANo Final Exam;1 TO 9
23454;ANTH 404 005;Full Term;INDEPENDENT STUDY;Ballestero, Andrea;TBA TBANo Final Exam;1 TO 9
21519;ANTH 404 006;Full Term;INDEPENDENT STUDY;McIntosh, Susan K.;TBA TBANo Final Exam;1 TO 9
22023;ANTH 404 007;Full Term;INDEPENDENT STUDY;Wool, Zoe H.;TBA TBANo Final Exam;1 TO 9
22024;ANTH 404 008;Full Term;INDEPENDENT STUDY;Boyer, Dominic C.;TBA TBANo Final Exam;1 TO 9
25525;ANTH 404 009;Full Term;INDEPENDENT STUDY;Mitchell, Beverly M.;TBA TBA2-MAY-2018 7:00PM - 10:00PM W TBA TBANo Final Exam;1 TO 9
20762;ANTH 404 010;Full Term;INDEPENDENT STUDY;Fleisher, Jeffrey B.;TBA TBANo Final Exam;1 TO 9
25019;ANTH 451 001;Full Term;THE ANTHROPOLOGY OF WATER;Ballestero, Andrea;3:30PM - 6:00PM T SEW 5622-MAY-2018 9:00AM - 12:00PM W TBA TBANo Final Exam;3
20759;ANTH 491 002;Full Term;DIRECTED HONORS RESEARCH;Faubion, James D.;TBA TBANo Final Exam;3
20760;ANTH 491 003;Full Term;DIRECTED HONORS RESEARCH;Georges, Eugenia;TBA TBANo Final Exam;3
22026;ANTH 491 004;Full Term;DIRECTED HONORS RESEARCH;Howe, Alyssa C.;TBA TBANo Final Exam;3
23459;ANTH 491 005;Full Term;DIRECTED HONORS RESEARCH;Ballestero, Andrea;TBA TBANo Final Exam;3
20518;ANTH 491 006;Full Term;DIRECTED HONORS RESEARCH;McIntosh, Susan K.;TBA TBANo Final Exam;3
22027;ANTH 491 007;Full Term;DIRECTED HONORS RESEARCH;Wool, Zoe H.;TBA TBANo Final Exam;3
20517;ANTH 491 008;Full Term;DIRECTED HONORS RESEARCH;Boyer, Dominic C.;TBA TBANo Final Exam;3
20763;ANTH 491 010;Full Term;DIRECTED HONORS RESEARCH;Fleisher, Jeffrey B.;TBA TBANo Final Exam;3
25381;ANTH 494 001;Full Term;SENIOR RESEARCH SEMINAR;Wool, Zoe H.Festa, Elizabeth A.;4:00PM - 4:50PM W SEW 4602-MAY-2018 9:00AM - 12:00PM W TBA TBAScheduled Final Exam-Dept Room;1
21003;ANTH 495 002;Full Term;ANTHROPOLOGY CAPSTONE;Faubion, James D.;TBA TBANo Final Exam;3
21005;ANTH 495 003;Full Term;ANTHROPOLOGY CAPSTONE;Georges, Eugenia;TBA TBA2-MAY-2018 7:00PM - 10:00PM W TBA TBANo Final Exam;3
21077;ANTH 495 004;Full Term;ANTHROPOLOGY CAPSTONE;Howe, Alyssa C.;TBA TBANo Final Exam;3
23460;ANTH 495 005;Full Term;ANTHROPOLOGY CAPSTONE;Ballestero, Andrea;TBA TBANo Final Exam;3
21004;ANTH 495 006;Full Term;ANTHROPOLOGY CAPSTONE;McIntosh, Susan K.;TBA TBANo Final Exam;3
22030;ANTH 495 007;Full Term;ANTHROPOLOGY CAPSTONE;Wool, Zoe H.;TBA TBA2-MAY-2018 7:00PM - 10:00PM W TBA TBANo Final Exam;3
20382;ANTH 495 008;Full Term;ANTHROPOLOGY CAPSTONE;Boyer, Dominic C.;TBA TBANo Final Exam;3
21002;ANTH 495 010;Full Term;ANTHROPOLOGY CAPSTONE;Fleisher, Jeffrey B.;TBA TBA2-MAY-2018 7:00PM - 10:00PM W TBA TBANo Final Exam;3
24714;ANTH 507 001;Full Term;ANTHRO FROM 2ND WW-PRESENT;Howe, Alyssa C.;2:30PM - 5:00PM R SEW 562GR Course-Dept Schedules Exam;3
24709;ANTH 517 001;Full Term;REVOLUTIONS AND UTOPIAS;Boyer, Dominic C.;2:30PM - 5:00PM T DCC 113GR Course-Dept Schedules Exam;3
24712;ANTH 562 001;Full Term;ARCHAEOLOGICAL FLD TECHNIQUES;Fleisher, Jeffrey B.;2:00PM - 4:30PM W SEW 103GR Course-Dept Schedules Exam;3
25035;ANTH 596 001;Full Term;LAW AND RESISTANCE;Ballestero, Andrea;2:00PM - 3:15PM MW RZR 119GR Course-Dept Schedules Exam;3
25021;ANTH 597 001;Full Term;ANTHROPOLOGY JOURNAL CLUB;Wool, Zoe H.Ballestero, Andrea;TBA TBA2-MAY-2018 7:00PM - 10:00PM W TBA TBAGR Course-Dept Schedules Exam;1
20203;ANTH 600 002;Full Term;INDEPENDENT STUDY;Faubion, James D.;TBA TBAGR Course-Dept Schedules Exam;1 TO 9
20761;ANTH 600 003;Full Term;INDEPENDENT STUDY;Georges, Eugenia;TBA TBAGR Course-Dept Schedules Exam;1 TO 9
20204;ANTH 600 004;Full Term;INDEPENDENT STUDY;Howe, Alyssa C.;TBA TBAGR Course-Dept Schedules Exam;1 TO 9
22570;ANTH 600 005;Full Term;INDEPENDENT STUDY;Ballestero, Andrea;TBA TBAGR Course-Dept Schedules Exam;1 TO 9
22031;ANTH 600 006;Full Term;INDEPENDENT STUDY;McIntosh, Susan K.;TBA TBAGR Course-Dept Schedules Exam;1 TO 9
22032;ANTH 600 007;Full Term;INDEPENDENT STUDY;Wool, Zoe H.;TBA TBAGR Course-Dept Schedules Exam;1 TO 9
22033;ANTH 600 008;Full Term;INDEPENDENT STUDY;Boyer, Dominic C.;TBA TBAGR Course-Dept Schedules Exam;1 TO 9
22035;ANTH 600 010;Full Term;INDEPENDENT STUDY;Fleisher, Jeffrey B.;TBA TBAGR Course-Dept Schedules Exam;1 TO 9
24242;ANTH 602 001;Full Term;PROPOSAL WRITING SEMINAR;Georges, Eugenia;2:00PM - 4:30PM W SEW 562GR Course-Dept Schedules Exam;3
24715;ANTH 616 001;Full Term;CLASSICAL SOCIAL THEORY;Faubion, James D.;1:00PM - 3:30PM M SEW 562GR Course-Dept Schedules Exam;3
24716;ANTH 650 001;Full Term;PEDAGOGY;Wool, Zoe H.;TBA TBAGR Course-Dept Schedules Exam;3
25022;ANTH 651 001;Full Term;THE ANTHROPOLOGY OF WATER;Ballestero, Andrea;3:30PM - 6:00PM T SEW 5622-MAY-2018 9:00AM - 12:00PM W TBA TBAGR Course-Dept Schedules Exam;3
25037;ANTH 653 001;Full Term;COLLATERAL AFTERWORLDS;Wool, Zoe H.;1:00PM - 3:30PM T SEW 562GR Course-Dept Schedules Exam;3
22866;ANTH 800 002;Full Term;RESEARCH AND THESIS;Faubion, James D.;TBA TBAGR Course-Dept Schedules Exam;3 TO 9
22868;ANTH 800 003;Full Term;RESEARCH AND THESIS;Georges, Eugenia;TBA TBAGR Course-Dept Schedules Exam;3 TO 9
20205;ANTH 800 004;Full Term;RESEARCH AND THESIS;Howe, Alyssa C.;TBA TBAGR Course-Dept Schedules Exam;3 TO 9
22870;ANTH 800 008;Full Term;RESEARCH AND THESIS;Boyer, Dominic C.;TBA TBAGR Course-Dept Schedules Exam;3 TO 9
21516;CSCI 390 001;Full Term;SUPERV RESRCH COGNITIVE SCI;Byrne, Michael D.;TBA TBA2-MAY-2018 7:00PM - 10:00PM W TBA TBANo Final Exam;1 TO 3
21517;CSCI 481 001;Full Term;HONORS PROJECT;Byrne, Michael D.;TBA TBA2-MAY-2018 7:00PM - 10:00PM W TBA TBANo Final Exam;1 TO 3
22138;ECON 100 001;Full Term;PRINCIPLES OF ECONOMICS;DeNicco, James P.;10:50AM - 12:05PM TR DCH 105526-APR-2018 9:00AM - 12:00PM R TBA TBAScheduled Final Exam-OTR Room;3
22139;ECON 100 002;Full Term;PRINCIPLES OF ECONOMICS;DeNicco, James P.;1:00PM - 2:15PM TR HRG 10027-APR-2018 9:00AM - 12:00PM F TBA TBAScheduled Final Exam-OTR Room;3
22140;ECON 100 003;Full Term;PRINCIPLES OF ECONOMICS;DeNicco, James P.;2:00PM - 3:15PM MW ABL 1231-MAY-2018 2:00PM - 5:00PM T TBA TBAScheduled Final Exam-OTR Room;3
22141;ECON 100 004;Full Term;PRINCIPLES OF ECONOMICS;DeNicco, James P.;4:00PM - 5:15PM MW ABL 12328-APR-2018 7:00PM - 10:00PM S TBA TBAScheduled Final Exam-OTR Room;3
24506;ECON 200 001;Full Term;MICROECONOMICS;Brown, James N.;10:50AM - 12:05PM TR HRZ 2121:00PM - 1:50PM W HRZ 21226-APR-2018 9:00AM - 12:00PM R TBA TBAScheduled Final Exam-OTR Room;4
24507;ECON 200 002;Full Term;MICROECONOMICS;Brown, James N.;10:50AM - 12:05PM TR HRZ 2122:00PM - 2:50PM W HRZ 21226-APR-2018 9:00AM - 12:00PM R TBA TBAScheduled Final Exam-OTR Room;4
24508;ECON 200 003;Full Term;MICROECONOMICS;Brown, James N.;10:50AM - 12:05PM TR HRZ 2123:00PM - 3:50PM W HRZ 21226-APR-2018 9:00AM - 12:00PM R TBA TBAScheduled Final Exam-OTR Room;4
24509;ECON 200 004;Full Term;MICROECONOMICS;Brown, James N.;1:00PM - 2:15PM TR HRZ 2121:00PM - 1:50PM W HRZ 21227-APR-2018 9:00AM - 12:00PM F TBA TBAScheduled Final Exam-OTR Room;4
24510;ECON 200 005;Full Term;MICROECONOMICS;Brown, James N.;1:00PM - 2:15PM TR HRZ 2122:00PM - 2:50PM W HRZ 21227-APR-2018 9:00AM - 12:00PM F TBA TBAScheduled Final Exam-OTR Room;4
24511;ECON 200 006;Full Term;MICROECONOMICS;Brown, James N.;1:00PM - 2:15PM TR HRZ 2123:00PM - 3:50PM W HRZ 21227-APR-2018 9:00AM - 12:00PM F TBA TBAScheduled Final Exam-OTR Room;4
22145;ECON 203 001;Full Term;MACROECONOMICS;Carlton, Amelie B.;2:00PM - 3:15PM MW BKH 2291-MAY-2018 2:00PM - 5:00PM T TBA TBAScheduled Final Exam-OTR Room;3
22144;ECON 203 002;Full Term;MACROECONOMICS;Carlton, Amelie B.;4:00PM - 5:15PM MW BKH 22928-APR-2018 7:00PM - 10:00PM S TBA TBAScheduled Final Exam-OTR Room;3
22150;ECON 209 001;Full Term;APPLIED ECONOMETRICS;He, Yinghua;2:00PM - 3:15PM MW BKH 1026:00PM - 6:50PM T SEW 2071-MAY-2018 2:00PM - 5:00PM T TBA TBAScheduled Final Exam-OTR Room;4
22336;ECON 209 002;Full Term;APPLIED ECONOMETRICS;He, Yinghua;2:00PM - 3:15PM MW BKH 1027:00PM - 7:50PM T SEW 2071-MAY-2018 2:00PM - 5:00PM T TBA TBAScheduled Final Exam-OTR Room;4
22151;ECON 209 003;Full Term;APPLIED ECONOMETRICS;He, Yinghua;4:00PM - 5:15PM MW BKH 1026:00PM - 6:50PM W SEW 20728-APR-2018 7:00PM - 10:00PM S TBA TBAScheduled Final Exam-OTR Room;4
22340;ECON 209 004;Full Term;APPLIED ECONOMETRICS;He, Yinghua;4:00PM - 5:15PM MW BKH 1027:00PM - 7:50PM W SEW 20728-APR-2018 7:00PM - 10:00PM S TBA TBAScheduled Final Exam-OTR Room;4
22342;ECON 209 005;Full Term;APPLIED ECONOMETRICS;Fox, Jeremy T.;10:50AM - 12:05PM TR BKH 2334:00PM - 4:50PM W SEW 20726-APR-2018 9:00AM - 12:00PM R TBA TBAScheduled Final Exam-OTR Room;4
22157;ECON 210 001;Full Term;BEHAVIORAL ECONOMICS;Biavati, Michele;4:00PM - 5:15PM TR HUM 11727-APR-2018 2:00PM - 5:00PM F TBA TBAScheduled Final Exam-OTR Room;3
20388;ECON 239 001;Full Term;LAW AND ECONOMICS;Warden, David E.;3:00PM - 6:00PM M BKH 1161-MAY-2018 2:00PM - 5:00PM T TBA TBAScheduled Final Exam-OTR Room;3
23567;ECON 260 001;Full Term;MICROECONOMICS & PUBLIC POLICY;Dudey, Marc P.;9:00AM - 9:50AM MWF BKH 23326-APR-2018 2:00PM - 5:00PM R TBA TBAScheduled Final Exam-OTR Room;3
23568;ECON 265 001;Full Term;MICRO & PUBLIC POLICY/BUSINESS;Dudey, Marc P.;2:00PM - 2:50PM MWF RZR 22728-APR-2018 2:00PM - 5:00PM S TBA TBAScheduled Final Exam-OTR Room;3
25315;ECON 299 001;Full Term;EXPERIENTIAL EDUC IN ECONOMICS;Zodrow, George R.;TBA TBANo Final Exam;1
22153;ECON 300 001;Full Term;GAME THEORY, MICRO TOPICS/ECON;Biavati, Michele;2:30PM - 3:45PM TR ABL 12330-APR-2018 2:00PM - 5:00PM M TBA TBAScheduled Final Exam-OTR Room;3
22154;ECON 305 001;Full Term;GAME THEORY, MICRO TOPICS/MTEC;Boylan, Richard T.;10:50AM - 12:05PM TR BKH 11626-APR-2018 9:00AM - 12:00PM R TBA TBAScheduled Final Exam-OTR Room;3
21320;ECON 307 002;Full Term;PROBABILITY & STATISTICS;Bertolusso, Roberto L.;1:00PM - 2:15PM TR HRZ AMP27-APR-2018 9:00AM - 12:00PM F TBA TBAScheduled Final Exam-OTR Room;3
24162;ECON 307 003;Full Term;PROBABILITY & STATISTICS;Scott, David W.;1:00PM - 2:15PM TR DCH 107027-APR-2018 9:00AM - 12:00PM F TBA TBAScheduled Final Exam-OTR Room;3
25462;ECON 307 004;Full Term;PROBABILITY & STATISTICS;White, Benjamin M.;1:00PM - 2:15PM TR ABL 131Scheduled Final Exam-OTR Room;3
24663;ECON 308 001;Full Term;MATHEMATICAL ECONOMICS;Bejan, Maria M.;9:25AM - 10:40AM TR BKH 1024:00PM - 5:00PM R BKH 10228-APR-2018 9:00AM - 12:00PM S TBA TBAScheduled Final Exam-OTR Room;4
24512;ECON 310 001;Full Term;ECONOMETRICS;Brown, Bryan W.;9:00AM - 9:50AM MWF BKH 1167:00PM - 7:50PM M BKH 11626-APR-2018 2:00PM - 5:00PM R TBA TBAScheduled Final Exam-OTR Room;4
24513;ECON 310 002;Full Term;ECONOMETRICS;Brown, Bryan W.;9:00AM - 9:50AM MWF BKH 1167:00PM - 7:50PM W BKH 11626-APR-2018 2:00PM - 5:00PM R TBA TBAScheduled Final Exam-OTR Room;4
24514;ECON 310 003;Full Term;ECONOMETRICS;Brown, Bryan W.;1:00PM - 1:50PM MWF BKH 1167:00PM - 7:50PM M BKH 1161-MAY-2018 9:00AM - 12:00PM T TBA TBAScheduled Final Exam-OTR Room;4
24515;ECON 310 004;Full Term;ECONOMETRICS;Brown, Bryan W.;1:00PM - 1:50PM MWF BKH 1167:00PM - 7:50PM W BKH 1161-MAY-2018 9:00AM - 12:00PM T TBA TBAScheduled Final Exam-OTR Room;4
23572;ECON 343 001;Full Term;CORPORATE FINANCE;Hartley, Peter R.;9:00AM - 9:50AM MWF BKH 10226-APR-2018 2:00PM - 5:00PM R TBA TBAScheduled Final Exam-OTR Room;3
22191;ECON 365 001;Full Term;WORLD ECONOMIC HISTORY;Lopez Alonso, Moramay;1:00PM - 2:15PM TR HUM 11927-APR-2018 9:00AM - 12:00PM F TBA TBATake-Home Exam;3
25491;ECON 399 001;Full Term;INDEPENDENT RESEARCH;Merlo, Antonio;TBA TBA2-MAY-2018 7:00PM - 10:00PM W TBA TBANo Final Exam;3
22158;ECON 418 001;Full Term;ECONOMIC FORECASTING;Sizova, Natalia;10:00AM - 10:50AM M BKH 22910:00AM - 10:50AM WF SEW 10130-APR-2018 9:00AM - 12:00PM M TBA TBAScheduled Final Exam-OTR Room;3
22159;ECON 422 001;Full Term;INTERNATIONAL ECON & FINANCE;Bejan, Maria M.;1:00PM - 2:15PM TR BKH 11627-APR-2018 9:00AM - 12:00PM F TBA TBANo Final Exam;3
24090;ECON 441 001;Full Term;EMPIRICAL METHODS FOR IO;Perrigne, Isabelle;10:50AM - 12:05PM TR BKH 10226-APR-2018 9:00AM - 12:00PM R TBA TBAScheduled Final Exam-OTR Room;3
24664;ECON 449 001;Full Term;FINANCIAL ENGINEERING;Loch-Temzelides, Ted P.;9:25AM - 10:40AM TR BKH 22928-APR-2018 9:00AM - 12:00PM S TBA TBAScheduled Final Exam-OTR Room;3
23573;ECON 450 001;Full Term;ECONOMIC DEVELOPMENT;Calvi, Rossella;4:00PM - 5:15PM MW HUM 32828-APR-2018 7:00PM - 10:00PM S TBA TBAScheduled Final Exam-OTR Room;3
24665;ECON 480 001;Full Term;ENVIRONMENTAL ECONOMICS;Hartley, Peter R.;11:00AM - 11:50AM MWF BKH 22925-APR-2018 9:00AM - 12:00PM W TBA TBAScheduled Final Exam-OTR Room;3
20441;ECON 484 001;Full Term;PUBLIC ECONOMICS;Diamond, John W.;2:30PM - 3:45PM TR BKH 10230-APR-2018 2:00PM - 5:00PM M TBA TBAScheduled Final Exam-OTR Room;3
22160;ECON 497 001;Full Term;RESEARCH IN ECONOMETRICS;Tang, Xun;2:00PM - 3:15PM MW SEW 5601-MAY-2018 2:00PM - 5:00PM T TBA TBAScheduled Final Exam-OTR Room;3
22161;ECON 499 001;Full Term;HONORS PROGRAM IN ECONOMICS-II;Sickles, Robin;5:00PM - 6:15PM TR BRK 10326-APR-2018 7:00PM - 10:00PM R TBA TBANo Final Exam;3
20053;ECON 505 001;Full Term;FINANCIAL ECONOMICS I;Back, Kerry E.;1:00PM - 3:50PM T MCN 218GR Course-Dept Schedules Exam;3
20054;ECON 508 001;Full Term;MICROECONOMICS II;Eraslan, HulyaPai, Mallesh M.;9:30AM - 12:00PM TR BKH 271GR Course-Dept Schedules Exam;5
21530;ECON 511 001;Full Term;ECONOMETRICS II;Tang, Xun;9:30AM - 11:00AM MW BKH 271GR Course-Dept Schedules Exam;3
21222;ECON 515 001;Full Term;LABOR ECONOMICS;Cunha, Flavio A.;5:00PM - 8:00PM M BKH 271GR Course-Dept Schedules Exam;3
21223;ECON 517 001;Full Term;EMPIRICAL INDUSTRIAL ORG;Fox, Jeremy T.;1:00PM - 2:30PM TR BKH 271GR Course-Dept Schedules Exam;3
20297;ECON 547 001;Full Term;ADV TOPICS IN ENERGY ECONOMICS;Medlock, Kenneth B.;10:00AM - 10:50AM MWF BKH 102GR Course-Dept Schedules Exam;3
21224;ECON 579 001;Full Term;TOPICS IN ECONOMETRICS II;Sickles, Robin;1:00PM - 2:30PM MW BKH 271GR Course-Dept Schedules Exam;3
20055;ECON 594 001;Full Term;BUSINESS & ECONOMICS WORKSHOPS;Back, Kerry E.Loch-Temzelides, Ted P.;3:00PM - 4:50PM W BKH 116GR Course-Dept Schedules Exam;1
20056;ECON 594 002;Full Term;MICRO WORKSHOPS;Eraslan, HulyaPai, Mallesh M.;3:00PM - 4:50PM T BKH 116GR Course-Dept Schedules Exam;1
20057;ECON 594 003;Full Term;ECONOMETRICS WORKSHOPS;Fox, Jeremy T.;3:00PM - 4:50PM R BKH 116GR Course-Dept Schedules Exam;1
20514;ECON 598 001;Full Term;READINGS IN ADVANCED TOPICS;Perrigne, Isabelle;5:00PM - 8:00PM T BKH 271GR Course-Dept Schedules Exam;3
22135;ECON 604 001;Full Term;ENERGY ECONOMICS II;Medlock, Kenneth B.;10:00AM - 10:50AM MWF BKH 1026:00PM - 7:00PM T BKH 102GR Course-Dept Schedules Exam;4
22136;ECON 605 001;Full Term;TAXATION IN THE ENERGY SECTOR;Zodrow, George R.;9:25AM - 10:40AM TR BKH 23311:00AM - 11:50AM W BKH 233GR Course-Dept Schedules Exam;4
22137;ECON 608 001;Full Term;RISK MANAGEMENT/ENERGYINDUSTRY;El-Gamal, Mahmoud A.;8:00AM - 9:15AM F BKH 22910:50AM - 12:05PM TR BKH 229GR Course-Dept Schedules Exam;4
22618;ECON 610 002;Full Term;ENERGY & THE MACROECONOMY;Carlton, Amelie B.;8:00AM - 9:15AM MW BKH 229GR Course-Dept Schedules Exam;4
24667;ECON 622 001;Full Term;TRANSPORTATION ECONOMICS;Loch-Temzelides, Ted P.;8:00AM - 9:15AM TR BKH 102GR Course-Dept Schedules Exam;4
20058;ECON 800 001;Full Term;GRADUATE RESEARCH;Back, Kerry E.;TBA TBAGR Course-Dept Schedules Exam;1 TO 12
24080;ECON 800 002;Full Term;GRADUATE RESEARCH;Hartley, Peter R.;TBA TBAGR Course-Dept Schedules Exam;1 TO 12
24081;ECON 800 003;Full Term;GRADUATE RESEARCH;Eraslan, Hulya;TBA TBAGR Course-Dept Schedules Exam;1 TO 12
24083;ECON 800 004;Full Term;GRADUATE RESEARCH;Tang, Xun;TBA TBAGR Course-Dept Schedules Exam;1 TO 12
24084;ECON 800 005;Full Term;GRADUATE RESEARCH;Cunha, Flavio A.;TBA TBAGR Course-Dept Schedules Exam;1 TO 12
24085;ECON 800 006;Full Term;GRADUATE RESEARCH;Zodrow, George R.;TBA TBAGR Course-Dept Schedules Exam;1 TO 12
24086;ECON 800 007;Full Term;GRADUATE RESEARCH;Sickles, Robin;TBA TBAGR Course-Dept Schedules Exam;1 TO 12
24087;ECON 800 008;Full Term;GRADUATE RESEARCH;El-Gamal, Mahmoud A.;TBA TBAGR Course-Dept Schedules Exam;1 TO 12
24088;ECON 800 009;Full Term;GRADUATE RESEARCH;Ho, Vivian;TBA TBAGR Course-Dept Schedules Exam;1 TO 12
24089;ECON 800 010;Full Term;GRADUATE RESEARCH;Fox, Jeremy T.;TBA TBAGR Course-Dept Schedules Exam;1 TO 12
24431;ECON 800 011;Full Term;GRADUATE RESEARCH;Perrigne, Isabelle;TBA TBAGR Course-Dept Schedules Exam;1 TO 12
21814;GLBL 502 001;1st Half of Full Term;INSTITUTIONS & DEVELOPMENT;Jones, Mark P.;6:00PM - 8:50PM R BKH 116GR Course-Dept Schedules Exam;1.5
25418;GLBL 512 001;1st Half of Full Term;INTERNATIONAL CONFLICT;Jones, Mark P.;6:00PM - 9:00PM T BKH 116GR Course-Dept Schedules Exam;1.5
21819;GLBL 513 001;2nd Half of Full Term;INTERNATIONAL COOPERATION;Lewis, Steven W.;6:00PM - 8:50PM R BKH 102GR Course-Dept Schedules Exam;1.5
24160;GLBL 519 002;Full Term;MASTER GLOBAL AFFAIRS INTRNSHP;Jones, Mark P.;TBA TBAGR Course-Dept Schedules Exam;1 TO 6
22568;GLBL 520 001;Full Term;MASTER GLOBAL AFFAIRS CAPSTONE;Jones, Mark P.;TBA TBAGR Course-Dept Schedules Exam;3
25497;GLBL 521 001;Full Term;DIR READING IN GLOBAL AFFAIRS;Jones, Mark P.;TBA TBAGR Course-Dept Schedules Exam;3
24521;GLBL 524 001;Full Term;MACROECONOMICS GLOBAL ECONOMY;DeNicco, James P.;6:00PM - 9:00PM M HUM 119GR Course-Dept Schedules Exam;3
24522;GLBL 525 001;Full Term;INTERNATIONAL SECURITY;Ard, Michael J.;6:00PM - 9:00PM T HUM 328GR Course-Dept Schedules Exam;3
25522;GLBL 573 001;Full Term;NON-THESIS GRADUATE RESEARCH;Jones, Mark P.;TBA TBAGR Course-Dept Schedules Exam;3
20332;LING 200 002;Full Term;INTRO TO STUDY OF LANGUAGE;Durian, David C.;9:25AM - 10:40AM TR HRG 10028-APR-2018 9:00AM - 12:00PM S TBA TBAScheduled Final Exam-OTR Room;3
24488;LING 301 001;Full Term;PHONETICS;Durian, David C.;10:50AM - 12:05PM TR HUM 11926-APR-2018 9:00AM - 12:00PM R TBA TBATake-Home Exam;3
24490;LING 306 001;Full Term;LANGUAGE, THOUGHT, AND MIND;Kemmer, Suzanne E.;9:25AM - 10:40AM TR HRG 12528-APR-2018 9:00AM - 12:00PM S TBA TBANo Final Exam;3
22484;LING 325 001;Full Term;LANGUAGE ACQUISITION;Gurcanli, Ozge;4:00PM - 5:15PM TR SEW 30327-APR-2018 2:00PM - 5:00PM F TBA TBANo Final Exam;3
23937;LING 400 001;Full Term;LINGUISTIC ANALYSIS II;Englebretson, Robert E.;1:00PM - 1:50PM MWF HRG 1251-MAY-2018 9:00AM - 12:00PM T TBA TBANo Final Exam;3
23324;LING 416 001;Full Term;LANGUAGE UNIVERSALS & TYPOLOGY;Kemmer, Suzanne E.;1:00PM - 2:15PM TR HRG 12527-APR-2018 9:00AM - 12:00PM F TBA TBANo Final Exam;3
20764;LING 480 001;Full Term;INDEPENDENT STUDY;Achard, Michel J.;TBA TBANo Final Exam;1 TO 6
20765;LING 480 004;Full Term;INDEPENDENT STUDY;Englebretson, Robert E.;TBA TBANo Final Exam;1 TO 6
20766;LING 480 005;Full Term;INDEPENDENT STUDY;Kemmer, Suzanne E.;TBA TBANo Final Exam;1 TO 6
20980;LING 480 007;Full Term;INDEPENDENT STUDY;Durian, David C.;TBA TBANo Final Exam;1 TO 6
21230;LING 480 008;Full Term;INDEPENDENT STUDY;Niedzielski, Nancy A.;TBA TBANo Final Exam;1 TO 6
20767;LING 480 009;Full Term;INDEPENDENT STUDY;Shibatani, Masayoshi;TBA TBANo Final Exam;1 TO 6
20768;LING 481 001;Full Term;UNDERGRADUATE RESEARCH;Achard, Michel J.;TBA TBANo Final Exam;1 TO 6
20769;LING 481 004;Full Term;UNDERGRADUATE RESEARCH;Englebretson, Robert E.;TBA TBANo Final Exam;1 TO 6
20770;LING 481 005;Full Term;UNDERGRADUATE RESEARCH;Kemmer, Suzanne E.;TBA TBANo Final Exam;1 TO 6
20981;LING 481 007;Full Term;UNDERGRADUATE RESEARCH;Durian, David C.;TBA TBANo Final Exam;1 TO 6
21231;LING 481 008;Full Term;UNDERGRADUATE RESEARCH;Niedzielski, Nancy A.;TBA TBANo Final Exam;1 TO 6
20771;LING 481 009;Full Term;UNDERGRADUATE RESEARCH;Shibatani, Masayoshi;TBA TBANo Final Exam;1 TO 6
20772;LING 482 001;Full Term;HONORS PROJECT;Achard, Michel J.;TBA TBANo Final Exam;1 TO 4
20773;LING 482 004;Full Term;HONORS PROJECT;Englebretson, Robert E.;TBA TBA2-MAY-2018 7:00PM - 10:00PM W TBA TBANo Final Exam;1 TO 4
20774;LING 482 005;Full Term;HONORS PROJECT;Kemmer, Suzanne E.;TBA TBA2-MAY-2018 7:00PM - 10:00PM W TBA TBANo Final Exam;1 TO 4
20982;LING 482 007;Full Term;HONORS PROJECT;Durian, David C.;TBA TBANo Final Exam;1 TO 4
21232;LING 482 008;Full Term;HONORS PROJECT;Niedzielski, Nancy A.;TBA TBA2-MAY-2018 7:00PM - 10:00PM W TBA TBANo Final Exam;1 TO 4
20775;LING 482 009;Full Term;HONORS PROJECT;Shibatani, Masayoshi;TBA TBANo Final Exam;1 TO 4
24491;LING 499 001;Full Term;RESEARCH SEMINAR;Niedzielski, Nancy A.;2:00PM - 3:15PM MW HRG 1251-MAY-2018 2:00PM - 5:00PM T TBA TBANo Final Exam;3
20032;LING 581 001;Full Term;GRADUATE RESEARCH;Achard, Michel J.;TBA TBAGR Course-Dept Schedules Exam;1 TO 12
20033;LING 581 002;Full Term;GRADUATE RESEARCH;;TBA TBAGR Course-Dept Schedules Exam;1 TO 12
20776;LING 581 004;Full Term;GRADUATE RESEARCH;Englebretson, Robert E.;TBA TBAGR Course-Dept Schedules Exam;1 TO 12
20034;LING 581 005;Full Term;GRADUATE RESEARCH;Kemmer, Suzanne E.;TBA TBAGR Course-Dept Schedules Exam;1 TO 12
20777;LING 581 007;Full Term;GRADUATE RESEARCH;;TBA TBAGR Course-Dept Schedules Exam;1 TO 12
20035;LING 581 008;Full Term;GRADUATE RESEARCH;Niedzielski, Nancy A.;TBA TBAGR Course-Dept Schedules Exam;1 TO 12
20036;LING 581 009;Full Term;GRADUATE RESEARCH;Shibatani, Masayoshi;TBA TBAGR Course-Dept Schedules Exam;1 TO 12
20800;LING 590 001;Full Term;TEACHING LINGUISTICS;Achard, Michel J.;TBA TBAGR Course-Dept Schedules Exam;3 TO 6
20801;LING 590 004;Full Term;TEACHING LINGUISTICS;Englebretson, Robert E.;TBA TBAGR Course-Dept Schedules Exam;3 TO 6
22236;LING 590 005;Full Term;TEACHING LINGUISTICS;Kemmer, Suzanne E.;TBA TBAGR Course-Dept Schedules Exam;3 TO 6
20983;LING 590 007;Full Term;TEACHING LINGUISTICS;Durian, David C.;TBA TBAGR Course-Dept Schedules Exam;3 TO 6
21233;LING 590 008;Full Term;TEACHING LINGUISTICS;Niedzielski, Nancy A.;TBA TBAGR Course-Dept Schedules Exam;3 TO 6
21813;LING 590 009;Full Term;TEACHING LINGUISTICS;Shibatani, Masayoshi;TBA TBAGR Course-Dept Schedules Exam;3 TO 6
20037;LING 800 001;Full Term;DISSERTATION RESEARCH;Achard, Michel J.;TBA TBAGR Course-Dept Schedules Exam;1 TO 12
20778;LING 800 004;Full Term;DISSERTATION RESEARCH;Englebretson, Robert E.;TBA TBAGR Course-Dept Schedules Exam;1 TO 12
20038;LING 800 005;Full Term;DISSERTATION RESEARCH;Kemmer, Suzanne E.;TBA TBAGR Course-Dept Schedules Exam;1 TO 12
20039;LING 800 007;Full Term;DISSERTATION RESEARCH;;TBA TBAGR Course-Dept Schedules Exam;1 TO 12
20040;LING 800 008;Full Term;DISSERTATION RESEARCH;Niedzielski, Nancy A.;TBA TBAGR Course-Dept Schedules Exam;1 TO 12
20041;LING 800 009;Full Term;DISSERTATION RESEARCH;Shibatani, Masayoshi;TBA TBAGR Course-Dept Schedules Exam;1 TO 12
21032;MANA 404 001;Full Term;MANAGEMENT COMMUNICATIONS;Hampton, Lawrence P.;10:50AM - 12:05PM TR GRW 22026-APR-2018 9:00AM - 12:00PM R TBA TBANo Final Exam;3
20652;MANA 498 001;Full Term;INDEPENDENT STUDY;Stoll, Richard J.;TBA TBANo Final Exam;3
24492;POLI 209 001;Full Term;INTRO TO CONST & POLI THOUGHT;Cuthbertson, Gilbert M.;9:25AM - 10:40AM TR SEW 30928-APR-2018 9:00AM - 12:00PM S TBA TBANo Final Exam;3
20188;POLI 210 001;Full Term;AMERICAN GOVT AND POLITICS;Ragsdale, Lyn K.;11:00AM - 11:50AM MWF HRZ 21225-APR-2018 9:00AM - 12:00PM W TBA TBAScheduled Final Exam-OTR Room;3
20189;POLI 211 001;Full Term;INTRO INTERNATIONAL RELATIONS;Stoll, Richard J.;9:00AM - 9:50AM MWF HRZ 21026-APR-2018 2:00PM - 5:00PM R TBA TBAScheduled Final Exam-OTR Room;3
20298;POLI 212 001;Full Term;INTRO TO COMPARATIVE POLITICS;Schwindt-Bayer, Leslie A.;10:00AM - 10:50AM MWF HRZ 21030-APR-2018 9:00AM - 12:00PM M TBA TBAScheduled Final Exam-OTR Room;3
24493;POLI 238 001;Full Term;REFUGEES & MIGRATION;Wood, Andrew R.;2:30PM - 3:45PM TR MLC 10430-APR-2018 2:00PM - 5:00PM M TBA TBAScheduled Final Exam-OTR Room;3
20190;POLI 306 001;Full Term;DIRECTED READING II;Stoll, Richard J.;TBA TBA2-MAY-2018 7:00PM - 10:00PM W TBA TBANo Final Exam;3
20737;POLI 307 001;Full Term;POLITICAL SCIENCE INTERNSHIP I;Alford, John R.;TBA TBA2-MAY-2018 7:00PM - 10:00PM W TBA TBANo Final Exam;2
20738;POLI 308 001;Full Term;POLI SCIENCE INTERNSHIP II;Alford, John R.;TBA TBA2-MAY-2018 7:00PM - 10:00PM W TBA TBANo Final Exam;1 TO 2
24988;POLI 317 001;Full Term;THE CONGRESS;Fowler, William W.;2:00PM - 4:30PM M MEL 2541-MAY-2018 2:00PM - 5:00PM T TBA TBAScheduled Final Exam-OTR Room;3
22055;POLI 321 001;Full Term;AMER CONSTITUTIONAL LAW;Cuthbertson, Gilbert M.;10:50AM - 12:05PM TR SEW 30726-APR-2018 9:00AM - 12:00PM R TBA TBANo Final Exam;3
24494;POLI 334 001;Full Term;AMERICAN POLITICAL PARTIES;Rusk, Jerrold G.;1:00PM - 2:15PM TR GRB W212Scheduled Final Exam-OTR Room;3
24495;POLI 338 001;Full Term;POLICY ANALYSIS;Stein, Robert M.;9:25AM - 10:40AM TR DCC 11328-APR-2018 9:00AM - 12:00PM S TBA TBANo Final Exam;3
24497;POLI 342 001;Full Term;POLITICS OF THE JUDICIARY;Brace, Paul R.;1:00PM - 2:15PM TR HRZ 21027-APR-2018 9:00AM - 12:00PM F TBA TBATake-Home Exam;3
24498;POLI 343 001;Full Term;MEDIA AND POLITICS;Menger, Andrew M.;2:30PM - 3:45PM TR HRZ 21130-APR-2018 2:00PM - 5:00PM M TBA TBANo Final Exam;3
24499;POLI 362 001;Full Term;COMPARATIVE URBAN POL & PLCY;Marschall, Melissa J.;1:00PM - 2:15PM TR HRZ 21127-APR-2018 9:00AM - 12:00PM F TBA TBAScheduled Final Exam-OTR Room;3
24501;POLI 373 001;Full Term;WAR AND POLITICS;Birol, Cem;10:50AM - 12:05PM TR KCK 10126-APR-2018 9:00AM - 12:00PM R TBA TBAScheduled Final Exam-OTR Room;3
21253;POLI 395 001;Full Term;INTRO TO STATISTICS;Esarey, Justin E.;9:25AM - 10:40AM TR SEW 30728-APR-2018 9:00AM - 12:00PM S TBA TBATake-Home Exam;3
20739;POLI 405 001;Full Term;SENIOR THESIS;Stoll, Richard J.;TBA TBANo Final Exam;3
20491;POLI 406 001;Full Term;SENIOR THESIS;Stoll, Richard J.;TBA TBA2-MAY-2018 7:00PM - 10:00PM W TBA TBANo Final Exam;3
25013;POLI 416 001;Full Term;SURVEY RSRCH AMERICAN POLITICS;Stein, Robert M.;2:00PM - 4:30PM W RZR 12328-APR-2018 2:00PM - 5:00PM S TBA TBANo Final Exam;3
24502;POLI 457 001;Full Term;CONDITIONS OF DEMOCRACY;Jones, Mark P.;2:00PM - 4:30PM M HRZ 2111-MAY-2018 2:00PM - 5:00PM T TBA TBANo Final Exam;3
20327;POLI 462 001;Full Term;COMPARATIVE PUBLIC POLICY;Ambler, John S.;7:00PM - 9:30PM T HRZ 12630-APR-2018 7:00PM - 10:00PM M TBA TBANo Final Exam;3
23842;POLI 469 001;Full Term;CIVIL WAR AND TERRORISM;Polo, Sara;2:30PM - 5:00PM R SEW 56030-APR-2018 2:00PM - 5:00PM M TBA TBATake-Home Exam;3
20191;POLI 501 001;Full Term;SOCIAL SCIENTIFIC THINKING II;Stoll, Richard J.;2:30PM - 5:20PM R HRZ 126GR Course-Dept Schedules Exam;3
20445;POLI 505 001;Full Term;ADV MAXIMUM LIKELIHOOD EST;Stevenson, Randolph T.;2:30PM - 5:20PM T HRZ 126GR Course-Dept Schedules Exam;3
25018;POLI 512 001;Full Term;EXPRMNTL DSGN & SOCIAL BHVR;Wilson, Rick K.;9:00AM - 11:50AM T HRZ 126GR Course-Dept Schedules Exam;3
24503;POLI 520 001;Full Term;APPROACHES TO COMPARATIVE GOVT;Stevenson, Randolph T.;2:00PM - 4:50PM W HRZ 126GR Course-Dept Schedules Exam;3
25015;POLI 539 001;Full Term;POLITICAL PSYCHOLOGY;Hayes, Matthew J.;2:00PM - 4:50PM M HRZ 126GR Course-Dept Schedules Exam;3
24504;POLI 571 001;Full Term;CIVIL WAR AND TERRORISM;Polo, Sara;2:00PM - 4:50PM F HRZ 126GR Course-Dept Schedules Exam;3
20740;POLI 592 001;Full Term;DIRECTED READING METHODOLOGY;Stevenson, Randolph T.;TBA TBAGR Course-Dept Schedules Exam;3
20741;POLI 592 002;Full Term;DIRECTED READING METHODOLOGY;Marschall, Melissa J.;TBA TBAGR Course-Dept Schedules Exam;3
24987;POLI 592 003;Full Term;DIRECTED READING METHODOLOGY;;GR Course-Dept Schedules Exam;3
20846;POLI 592 004;Full Term;DIRECTED READING METHODOLOGY;Esarey, Justin E.;TBA TBAGR Course-Dept Schedules Exam;3
20743;POLI 594 001;Full Term;DIR READING AMERICAN POLITICS;Hamm, Keith E.;TBA TBAGR Course-Dept Schedules Exam;3
20744;POLI 594 002;Full Term;DIR READING AMERICAN POLITICS;Alford, John R.;TBA TBAGR Course-Dept Schedules Exam;3
20745;POLI 594 003;Full Term;DIR READING AMERICAN POLITICS;Brace, Paul R.;TBA TBAGR Course-Dept Schedules Exam;3
20746;POLI 594 004;Full Term;DIR READING AMERICAN POLITICS;Cuthbertson, Gilbert M.;TBA TBAGR Course-Dept Schedules Exam;3
20747;POLI 594 005;Full Term;DIR READING AMERICAN POLITICS;Marschall, Melissa J.;TBA TBAGR Course-Dept Schedules Exam;3
20748;POLI 594 006;Full Term;DIR READING AMERICAN POLITICS;Rusk, Jerrold G.;TBA TBAGR Course-Dept Schedules Exam;3
20749;POLI 594 007;Full Term;DIR READING AMERICAN POLITICS;Stein, Robert M.;TBA TBAGR Course-Dept Schedules Exam;3
20750;POLI 594 008;Full Term;DIR READING AMERICAN POLITICS;Wilson, Rick K.;TBA TBAGR Course-Dept Schedules Exam;3
24505;POLI 594 009;Full Term;DIR READING AMERICAN POLITICS;Hayes, Matthew J.;TBA TBAGR Course-Dept Schedules Exam;3
20751;POLI 596 001;Full Term;DIR READ-INTERNAT'L RELATIONS;Stoll, Richard J.;TBA TBAGR Course-Dept Schedules Exam;3
20752;POLI 596 002;Full Term;DIR READ-INTERNAT'L RELATIONS;Leeds, Brett A.;TBA TBAGR Course-Dept Schedules Exam;3
20753;POLI 596 003;Full Term;DIR READ-INTERNAT'L RELATIONS;Morgan, T C.;TBA TBAGR Course-Dept Schedules Exam;3
20754;POLI 596 004;Full Term;DIR READ-INTERNAT'L RELATIONS;Fang, Songying;TBA TBAGR Course-Dept Schedules Exam;3
22074;POLI 596 005;Full Term;DIR READ-INTERNAT'L RELATIONS;Polo, Sara;TBA TBAGR Course-Dept Schedules Exam;3
20755;POLI 598 001;Full Term;DIR READ-COMPARATIVE POLITICS;Stevenson, Randolph T.;TBA TBAGR Course-Dept Schedules Exam;3
20326;POLI 598 002;Full Term;DIR READ-COMPARATIVE POLITICS;;TBA TBAGR Course-Dept Schedules Exam;3
20756;POLI 598 003;Full Term;DIR READ-COMPARATIVE POLITICS;Jones, Mark P.;TBA TBAGR Course-Dept Schedules Exam;3
24986;POLI 598 004;Full Term;DIR READ-COMPARATIVE POLITICS;;GR Course-Dept Schedules Exam;3
20996;POLI 598 005;Full Term;DIR READ-COMPARATIVE POLITICS;Schwindt-Bayer, Leslie A.;TBA TBAGR Course-Dept Schedules Exam;3
20492;POLI 599 001;Full Term;TEACHING POLITICAL SCIENCE;Stoll, Richard J.;TBA TBAGR Course-Dept Schedules Exam;1
20192;POLI 600 001;Full Term;MA RESEARCH AND THESIS;Hamm, Keith E.;TBA TBAGR Course-Dept Schedules Exam;1 TO 15
20193;POLI 800 001;Full Term;PH.D. RESEARCH AND THESIS;Hamm, Keith E.;TBA TBAGR Course-Dept Schedules Exam;1 TO 15
22686;POLI 800 002;Full Term;PH.D. RESEARCH AND THESIS;Jones, Mark P.;TBA TBAGR Course-Dept Schedules Exam;1 TO 15
23178;POLI 800 003;Full Term;PH.D. RESEARCH AND THESIS;Leeds, Brett A.;TBA TBAGR Course-Dept Schedules Exam;1 TO 15
23179;POLI 800 004;Full Term;PH.D. RESEARCH AND THESIS;;TBA TBAGR Course-Dept Schedules Exam;1 TO 15
23180;POLI 800 005;Full Term;PH.D. RESEARCH AND THESIS;Morgan, T C.;TBA TBAGR Course-Dept Schedules Exam;1 TO 15
23181;POLI 800 006;Full Term;PH.D. RESEARCH AND THESIS;Stein, Robert M.;TBA TBAGR Course-Dept Schedules Exam;1 TO 15
23182;POLI 800 007;Full Term;PH.D. RESEARCH AND THESIS;Stevenson, Randolph T.;TBA TBAGR Course-Dept Schedules Exam;1 TO 15
23183;POLI 800 008;Full Term;PH.D. RESEARCH AND THESIS;Stoll, Richard J.;TBA TBAGR Course-Dept Schedules Exam;1 TO 15
20240;PSYC 101 001;Full Term;INTRODUCTION TO PSYCHOLOGY;Nicolaou, Despina C.;9:25AM - 10:40AM TR SEW 30128-APR-2018 9:00AM - 12:00PM S TBA TBAScheduled Final Exam-OTR Room;3
20455;PSYC 101 002;Full Term;INTRODUCTION TO PSYCHOLOGY;Nicolaou, Despina C.;10:50AM - 12:05PM TR SEW 30126-APR-2018 9:00AM - 12:00PM R TBA TBAScheduled Final Exam-OTR Room;3
20242;PSYC 202 001;Full Term;INTRO TO SOCIAL PSYCHOLOGY;Parsons, Sandra V.;9:00AM - 9:50AM MWF SEW 30926-APR-2018 2:00PM - 5:00PM R TBA TBANo Final Exam;3
20241;PSYC 203 001;Full Term;INTRO TO COGNITIVE PSYCHOLOGY;Espinosa, Carissa A.;1:00PM - 1:50PM MWF SEW 3091-MAY-2018 9:00AM - 12:00PM T TBA TBAScheduled Final Exam-OTR Room;3
23664;PSYC 231 001;Full Term;INDUS & ORGANIZATIONAL PSYC;Hebl, Michelle R.;10:50AM - 12:05PM TR RZR 11926-APR-2018 9:00AM - 12:00PM R TBA TBANo Final Exam;3
25307;PSYC 260 001;Full Term;UNDERGRAD PROF ISSUES IN PSYC;Gurcanli, Ozge;4:00PM - 4:50PM M SEW 30530-APR-2018 7:00PM - 10:00PM M TBA TBANo Final Exam;1
23665;PSYC 308 001;Full Term;MEMORY;Espinosa, Carissa A.;11:00AM - 11:50AM MWF SEW 30325-APR-2018 9:00AM - 12:00PM W TBA TBAScheduled Final Exam-OTR Room;3
21939;PSYC 321 001;Full Term;DEVELOPMENTAL PSYCHOLOGY;Gurcanli, Ozge;2:30PM - 3:45PM TR SEW 30730-APR-2018 2:00PM - 5:00PM M TBA TBANo Final Exam;3
20693;PSYC 321 002;Full Term;DEVELOPMENTAL PSYCHOLOGY;Nicolaou, Despina C.;1:00PM - 2:15PM TR SEW 30327-APR-2018 9:00AM - 12:00PM F TBA TBAScheduled Final Exam-OTR Room;3
21940;PSYC 325 001;Full Term;LANGUAGE ACQUISITION;Gurcanli, Ozge;4:00PM - 5:15PM TR SEW 30327-APR-2018 2:00PM - 5:00PM F TBA TBANo Final Exam;3
21533;PSYC 329 001;Full Term;PSYCHOLOGICAL TESTING;Beier, Margaret E.;9:00AM - 9:50AM MWF SEW 10126-APR-2018 2:00PM - 5:00PM R TBA TBANo Final Exam;3
24758;PSYC 331 001;Full Term;PSYCHOLOGY OF GENDER;King, Eden B.;10:50AM - 12:05PM TR SEW 30926-APR-2018 9:00AM - 12:00PM R TBA TBANo Final Exam;3
20584;PSYC 332 001;Full Term;ABNORMAL BEHAVIOR;Diddel, Roberta M.;1:00PM - 2:15PM TR HUM 11727-APR-2018 9:00AM - 12:00PM F TBA TBAScheduled Final Exam-OTR Room;3
24180;PSYC 339 001;Full Term;STATISTICAL METHODS-PSYCHOLOGY;Espinosa, Carissa A.;10:00AM - 10:50AM MWF SEW 30330-APR-2018 9:00AM - 12:00PM M TBA TBATake-Home Exam;4
20473;PSYC 340 001;Full Term;RESEARCH METHODS - PSYCHOLOGY;Parsons, Sandra V.;11:00AM - 12:10PM MWF SEW 10125-APR-2018 9:00AM - 12:00PM W TBA TBANo Final Exam;4
20970;PSYC 340 002;Full Term;RESEARCH METHODS - PSYCHOLOGY;Lesane-Brown, Chase L.;10:50AM - 12:35PM TR SEW 10126-APR-2018 9:00AM - 12:00PM R TBA TBANo Final Exam;4
21561;PSYC 351 001;Full Term;PERCEPTION;Portillo, Mary;9:00AM - 9:50AM MWF SEW 30326-APR-2018 2:00PM - 5:00PM R TBA TBANo Final Exam;3
20306;PSYC 353 001;Full Term;PSYC OF EMOTION & MOTIVATION;Parsons, Sandra V.;1:00PM - 1:50PM MWF SEW 3051-MAY-2018 9:00AM - 12:00PM T TBA TBATake-Home Exam;3
24759;PSYC 354 001;Full Term;INTRO TO SOC/AFFECTIVE NEURO;Denny, Bryan T.;2:30PM - 3:45PM TR BRC 28230-APR-2018 2:00PM - 5:00PM M TBA TBAScheduled Final Exam-OTR Room;3
24168;PSYC 362 001;Full Term;COGNITIVE NEUROSCIENCE;Fischer-Baum, Simon J.;2:00PM - 2:50PM MWF SEW 30928-APR-2018 2:00PM - 5:00PM S TBA TBAScheduled Final Exam-OTR Room;3
24760;PSYC 375 001;Full Term;NEUROPSYC OF LANGUAGE/MEMORY;Martin, Randi C.;3:00PM - 4:15PM MW BRC 2861-MAY-2018 2:00PM - 5:00PM T TBA TBANo Final Exam;3
22433;PSYC 380 001;Full Term;NEUROSYSTEMS;Dickman, J D.;9:00AM - 9:50AM MWF SEW 30126-APR-2018 2:00PM - 5:00PM R TBA TBANo Final Exam;3
24761;PSYC 431 001;Full Term;WORKFORCE READINESS;Oswald, Frederick L.;2:00PM - 4:30PM W SEW 303No Final Exam;3
24762;PSYC 455 001;Full Term;ADV SEM IN CLINICAL PSYCHOLOGY;Diddel, Roberta M.;10:50AM - 12:05PM TR HUM 12026-APR-2018 9:00AM - 12:00PM R TBA TBANo Final Exam;3
24763;PSYC 463 001;Full Term;MEDICAL HUMAN FACTORS;Kortum, Philip T.;9:25AM - 10:40AM TR SEW 30528-APR-2018 9:00AM - 12:00PM S TBA TBANo Final Exam;3
24764;PSYC 470 001;Full Term;ENGINEERING PSYCHOLOGY;Byrne, Michael D.;2:00PM - 2:50PM MWF SEW 460No Final Exam;3
24765;PSYC 480 003;Full Term;EVOLUTIONARY PSYCHOLOGY;Lane, David M.;2:30PM - 3:45PM TR SEW 46030-APR-2018 2:00PM - 5:00PM M TBA TBANo Final Exam;3
20587;PSYC 485 001;Full Term;UG SUPERVISED RESEARCH;Beier, Margaret E.;TBA TBA2-MAY-2018 7:00PM - 10:00PM W TBA TBANo Final Exam;1 TO 6
20694;PSYC 485 002;Full Term;UG SUPERVISED RESEARCH;Byrne, Michael D.;TBA TBA2-MAY-2018 7:00PM - 10:00PM W TBA TBANo Final Exam;1 TO 6
20588;PSYC 485 003;Full Term;UG SUPERVISED RESEARCH;Dannemiller, James L.;TBA TBA2-MAY-2018 7:00PM - 10:00PM W TBA TBANo Final Exam;1 TO 6
20836;PSYC 485 004;Full Term;UG SUPERVISED RESEARCH;Fischer-Baum, Simon J.;TBA TBA2-MAY-2018 7:00PM - 10:00PM W TBA TBANo Final Exam;1 TO 6
20837;PSYC 485 005;Full Term;UG SUPERVISED RESEARCH;Gurcanli, Ozge;TBA TBANo Final Exam;1 TO 6
20589;PSYC 485 006;Full Term;UG SUPERVISED RESEARCH;Hebl, Michelle R.;TBA TBA2-MAY-2018 7:00PM - 10:00PM W TBA TBANo Final Exam;1 TO 6
20590;PSYC 485 007;Full Term;UG SUPERVISED RESEARCH;Kortum, Philip T.;TBA TBA2-MAY-2018 7:00PM - 10:00PM W TBA TBANo Final Exam;1 TO 6
20695;PSYC 485 008;Full Term;UG SUPERVISED RESEARCH;Lane, David M.;TBA TBANo Final Exam;1 TO 6
20591;PSYC 485 010;Full Term;UG SUPERVISED RESEARCH;Martin, Randi C.;TBA TBA2-MAY-2018 7:00PM - 10:00PM W TBA TBANo Final Exam;1 TO 6
20592;PSYC 485 011;Full Term;UG SUPERVISED RESEARCH;Motowidlo, Stephan J.;TBA TBANo Final Exam;1 TO 6
20696;PSYC 485 012;Full Term;UG SUPERVISED RESEARCH;Oswald, Frederick L.;TBA TBA2-MAY-2018 7:00PM - 10:00PM W TBA TBANo Final Exam;1 TO 6
20697;PSYC 485 013;Full Term;UG SUPERVISED RESEARCH;Parsons, Sandra V.;TBA TBA2-MAY-2018 7:00PM - 10:00PM W TBA TBANo Final Exam;1 TO 6
20593;PSYC 485 014;Full Term;UG SUPERVISED RESEARCH;Pomerantz, James R.;TBA TBA2-MAY-2018 7:00PM - 10:00PM W TBA TBANo Final Exam;1 TO 6
20607;PSYC 485 018;Full Term;UG SUPERVISED RESEARCH;Espinosa, Carissa A.;TBA TBA2-MAY-2018 7:00PM - 10:00PM W TBA TBANo Final Exam;1 TO 6
21943;PSYC 485 020;Full Term;UG SUPERVISED RESEARCH;Fagundes, Christopher P.;TBA TBA2-MAY-2018 7:00PM - 10:00PM W TBA TBANo Final Exam;1 TO 6
21944;PSYC 485 021;Full Term;UG SUPERVISED RESEARCH;Salas, Eduardo;TBA TBA2-MAY-2018 7:00PM - 10:00PM W TBA TBANo Final Exam;1 TO 6
23671;PSYC 485 023;Full Term;UG SUPERVISED RESEARCH;Lesane-Brown, Chase L.;TBA TBANo Final Exam;1 TO 6
23672;PSYC 485 024;Full Term;UG SUPERVISED RESEARCH;Denny, Bryan T.;TBA TBA2-MAY-2018 7:00PM - 10:00PM W TBA TBANo Final Exam;1 TO 6
24766;PSYC 485 025;Full Term;UG SUPERVISED RESEARCH;King, Eden B.;TBA TBANo Final Exam;1 TO 6
20698;PSYC 488 001;Full Term;SUPERVISED READING;Beier, Margaret E.;8:25AM - 9:15AM R TBA TBANo Final Exam;1 TO 6
20699;PSYC 488 002;Full Term;SUPERVISED READING;Byrne, Michael D.;8:25AM - 9:15AM R TBA TBANo Final Exam;1 TO 6
20700;PSYC 488 003;Full Term;SUPERVISED READING;Dannemiller, James L.;8:25AM - 9:15AM R TBA TBANo Final Exam;1 TO 6
20838;PSYC 488 004;Full Term;SUPERVISED READING;Fischer-Baum, Simon J.;8:25AM - 9:15AM R TBA TBANo Final Exam;1 TO 6
20245;PSYC 488 005;Full Term;SUPERVISED READING;Hebl, Michelle R.;8:25AM - 9:15AM R TBA TBA28-APR-2018 9:00AM - 12:00PM S TBA TBANo Final Exam;1 TO 6
20701;PSYC 488 006;Full Term;SUPERVISED READING;Kortum, Philip T.;8:25AM - 9:15AM R TBA TBANo Final Exam;1 TO 6
20702;PSYC 488 007;Full Term;SUPERVISED READING;Lane, David M.;8:25AM - 9:15AM R TBA TBANo Final Exam;1 TO 6
20703;PSYC 488 009;Full Term;SUPERVISED READING;Martin, Randi C.;8:25AM - 9:15AM R TBA TBANo Final Exam;1 TO 6
20704;PSYC 488 010;Full Term;SUPERVISED READING;Motowidlo, Stephan J.;8:25AM - 9:15AM R TBA TBANo Final Exam;1 TO 6
20705;PSYC 488 011;Full Term;SUPERVISED READING;Oswald, Frederick L.;8:25AM - 9:15AM R TBA TBANo Final Exam;1 TO 6
20706;PSYC 488 012;Full Term;SUPERVISED READING;Pomerantz, James R.;8:25AM - 9:15AM R TBA TBANo Final Exam;1 TO 6
20708;PSYC 488 014;Full Term;SUPERVISED READING;Denny, Bryan T.;8:25AM - 9:15AM R TBA TBANo Final Exam;1 TO 6
21945;PSYC 488 016;Full Term;SUPERVISED READING;Fagundes, Christopher P.;8:25AM - 9:15AM R TBA TBANo Final Exam;1 TO 6
21946;PSYC 488 017;Full Term;SUPERVISED READING;Salas, Eduardo;8:25AM - 9:15AM R TBA TBANo Final Exam;1 TO 6
23673;PSYC 488 018;Full Term;SUPERVISED READING;Espinosa, Carissa A.;8:25AM - 9:15AM R TBA TBANo Final Exam;1 TO 6
23674;PSYC 488 019;Full Term;SUPERVISED READING;Gurcanli, Ozge;8:25AM - 9:15AM R TBA TBANo Final Exam;1 TO 6
23675;PSYC 488 020;Full Term;SUPERVISED READING;Parsons, Sandra V.;8:25AM - 9:15AM R TBA TBANo Final Exam;1 TO 6
23676;PSYC 488 021;Full Term;SUPERVISED READING;Lesane-Brown, Chase L.;8:25AM - 9:15AM R TBA TBANo Final Exam;1 TO 6
24422;PSYC 488 022;Full Term;SUPERVISED READING;Nicolaou, Despina C.;8:25AM - 9:15AM R TBA TBANo Final Exam;1 TO 6
24767;PSYC 488 023;Full Term;SUPERVISED READING;King, Eden B.;8:25AM - 9:15AM R TBA TBANo Final Exam;1 TO 6
20246;PSYC 499 001;Full Term;HONORS THESIS;Gurcanli, Ozge;TBA TBA2-MAY-2018 7:00PM - 10:00PM W TBA TBANo Final Exam;1 TO 6
20247;PSYC 503 001;Full Term;ADVANCED PSYC STATISTICS II;Lane, David M.;1:00PM - 2:15PM TR SEW 460GR Course-Dept Schedules Exam;3
20248;PSYC 529 001;Full Term;COGNITIVE RESEARCH SEMINAR;Dannemiller, James L.;12:00PM - 1:30PM M BRC 706GR Course-Dept Schedules Exam;1 TO 3
20250;PSYC 531 001;Full Term;HF/HCI RESEARCH SEMINAR;Byrne, Michael D.;12:10PM - 12:55PM T SEW 462GR Course-Dept Schedules Exam;1
24768;PSYC 532 001;Full Term;HEALTH RESEARCH SEMINAR;Denny, Bryan T.;12:00PM - 1:30PM W BRC 706GR Course-Dept Schedules Exam;1 TO 3
20249;PSYC 533 001;Full Term;I/O PSYCHOLOGY RESEARCH SEM;Oswald, Frederick L.;12:00PM - 1:30PM F SEW 303GR Course-Dept Schedules Exam;1 TO 3
24769;PSYC 540 001;Full Term;ENGINEERING PSYCHOLOGY;Byrne, Michael D.;2:00PM - 2:50PM MWF SEW 460GR Course-Dept Schedules Exam;3
24770;PSYC 547 001;Full Term;FOUNDATIONS-HEALTH PSYCHOLOGY;Fagundes, Christopher P.;3:00PM - 5:30PM W BRC 706GR Course-Dept Schedules Exam;3
20496;PSYC 561 001;Full Term;TEACHING IN PSYCHOLOGY;Lane, David M.;TBA TBAGR Course-Dept Schedules Exam;1
23145;PSYC 561 002;Full Term;TEACHING IN PSYCHOLOGY;Beier, Margaret E.;TBA TBAGR Course-Dept Schedules Exam;1
23146;PSYC 561 003;Full Term;TEACHING IN PSYCHOLOGY;Espinosa, Carissa A.;TBA TBAGR Course-Dept Schedules Exam;1
23147;PSYC 561 004;Full Term;TEACHING IN PSYCHOLOGY;Fischer-Baum, Simon J.;TBA TBAGR Course-Dept Schedules Exam;1
23148;PSYC 561 005;Full Term;TEACHING IN PSYCHOLOGY;Gurcanli, Ozge;TBA TBAGR Course-Dept Schedules Exam;1
23149;PSYC 561 006;Full Term;TEACHING IN PSYCHOLOGY;Martin, Randi C.;TBA TBAGR Course-Dept Schedules Exam;1
23150;PSYC 561 007;Full Term;TEACHING IN PSYCHOLOGY;Parsons, Sandra V.;TBA TBAGR Course-Dept Schedules Exam;1
23151;PSYC 561 008;Full Term;TEACHING IN PSYCHOLOGY;Pomerantz, James R.;TBA TBAGR Course-Dept Schedules Exam;1
23678;PSYC 561 009;Full Term;TEACHING IN PSYCHOLOGY;Byrne, Michael D.;TBA TBAGR Course-Dept Schedules Exam;1
23679;PSYC 561 010;Full Term;TEACHING IN PSYCHOLOGY;Dannemiller, James L.;TBA TBAGR Course-Dept Schedules Exam;1
23680;PSYC 561 011;Full Term;TEACHING IN PSYCHOLOGY;Denny, Bryan T.;TBA TBAGR Course-Dept Schedules Exam;1
23681;PSYC 561 012;Full Term;TEACHING IN PSYCHOLOGY;Diddel, Roberta M.;TBA TBAGR Course-Dept Schedules Exam;1
23682;PSYC 561 013;Full Term;TEACHING IN PSYCHOLOGY;Fagundes, Christopher P.;TBA TBAGR Course-Dept Schedules Exam;1
23683;PSYC 561 014;Full Term;TEACHING IN PSYCHOLOGY;Hebl, Michelle R.;TBA TBAGR Course-Dept Schedules Exam;1
23684;PSYC 561 015;Full Term;TEACHING IN PSYCHOLOGY;Kortum, Philip T.;TBA TBAGR Course-Dept Schedules Exam;1
23685;PSYC 561 016;Full Term;TEACHING IN PSYCHOLOGY;Lesane-Brown, Chase L.;TBA TBAGR Course-Dept Schedules Exam;1
23686;PSYC 561 017;Full Term;TEACHING IN PSYCHOLOGY;Motowidlo, Stephan J.;TBA TBAGR Course-Dept Schedules Exam;1
23687;PSYC 561 018;Full Term;TEACHING IN PSYCHOLOGY;Nicolaou, Despina C.;TBA TBAGR Course-Dept Schedules Exam;1
23688;PSYC 561 019;Full Term;TEACHING IN PSYCHOLOGY;Oswald, Frederick L.;TBA TBAGR Course-Dept Schedules Exam;1
23689;PSYC 561 020;Full Term;TEACHING IN PSYCHOLOGY;Salas, Eduardo;TBA TBAGR Course-Dept Schedules Exam;1
24771;PSYC 561 021;Full Term;TEACHING IN PSYCHOLOGY;King, Eden B.;TBA TBAGR Course-Dept Schedules Exam;1
20709;PSYC 563 001;Full Term;COGNITIVE PSYC INTERNSHIP;Martin, Randi C.;TBA TBAGR Course-Dept Schedules Exam;1 TO 9
20251;PSYC 571 001;Full Term;FIRST-YEAR PROJECT;Beier, Margaret E.;TBA TBAGR Course-Dept Schedules Exam;3
23152;PSYC 571 002;Full Term;FIRST-YEAR PROJECT;Hebl, Michelle R.;TBA TBAGR Course-Dept Schedules Exam;3
23153;PSYC 571 003;Full Term;FIRST-YEAR PROJECT;Motowidlo, Stephan J.;TBA TBAGR Course-Dept Schedules Exam;3
23154;PSYC 571 004;Full Term;FIRST-YEAR PROJECT;Oswald, Frederick L.;TBA TBAGR Course-Dept Schedules Exam;3
23155;PSYC 571 005;Full Term;FIRST-YEAR PROJECT;Salas, Eduardo;TBA TBAGR Course-Dept Schedules Exam;3
23690;PSYC 571 006;Full Term;FIRST-YEAR PROJECT;Byrne, Michael D.;TBA TBAGR Course-Dept Schedules Exam;3
23691;PSYC 571 007;Full Term;FIRST-YEAR PROJECT;Dannemiller, James L.;TBA TBAGR Course-Dept Schedules Exam;3
23692;PSYC 571 008;Full Term;FIRST-YEAR PROJECT;Denny, Bryan T.;TBA TBAGR Course-Dept Schedules Exam;3
23693;PSYC 571 009;Full Term;FIRST-YEAR PROJECT;Fagundes, Christopher P.;TBA TBAGR Course-Dept Schedules Exam;3
23694;PSYC 571 010;Full Term;FIRST-YEAR PROJECT;Fischer-Baum, Simon J.;TBA TBAGR Course-Dept Schedules Exam;3
23695;PSYC 571 011;Full Term;FIRST-YEAR PROJECT;Kortum, Philip T.;TBA TBAGR Course-Dept Schedules Exam;3
23696;PSYC 571 012;Full Term;FIRST-YEAR PROJECT;Lane, David M.;TBA TBAGR Course-Dept Schedules Exam;3
23697;PSYC 571 013;Full Term;FIRST-YEAR PROJECT;Martin, Randi C.;TBA TBAGR Course-Dept Schedules Exam;3
23698;PSYC 571 014;Full Term;FIRST-YEAR PROJECT;Pomerantz, James R.;TBA TBAGR Course-Dept Schedules Exam;3
24772;PSYC 571 015;Full Term;FIRST-YEAR PROJECT;King, Eden B.;TBA TBAGR Course-Dept Schedules Exam;3
20252;PSYC 572 001;Full Term;SECOND-YEAR PROJECT;Fischer-Baum, Simon J.;TBA TBAGR Course-Dept Schedules Exam;3
23156;PSYC 572 002;Full Term;SECOND-YEAR PROJECT;Kortum, Philip T.;TBA TBAGR Course-Dept Schedules Exam;3
23699;PSYC 572 003;Full Term;SECOND-YEAR PROJECT;Beier, Margaret E.;TBA TBAGR Course-Dept Schedules Exam;3
23700;PSYC 572 004;Full Term;SECOND-YEAR PROJECT;Hebl, Michelle R.;TBA TBAGR Course-Dept Schedules Exam;3
23701;PSYC 572 005;Full Term;SECOND-YEAR PROJECT;Byrne, Michael D.;TBA TBAGR Course-Dept Schedules Exam;3
23702;PSYC 572 006;Full Term;SECOND-YEAR PROJECT;Dannemiller, James L.;TBA TBAGR Course-Dept Schedules Exam;3
23703;PSYC 572 007;Full Term;SECOND-YEAR PROJECT;Denny, Bryan T.;TBA TBAGR Course-Dept Schedules Exam;3
23704;PSYC 572 008;Full Term;SECOND-YEAR PROJECT;Fagundes, Christopher P.;TBA TBAGR Course-Dept Schedules Exam;3
23705;PSYC 572 009;Full Term;SECOND-YEAR PROJECT;Lane, David M.;TBA TBAGR Course-Dept Schedules Exam;3
23706;PSYC 572 010;Full Term;SECOND-YEAR PROJECT;Martin, Randi C.;TBA TBAGR Course-Dept Schedules Exam;3
23707;PSYC 572 011;Full Term;SECOND-YEAR PROJECT;Motowidlo, Stephan J.;TBA TBAGR Course-Dept Schedules Exam;3
23708;PSYC 572 012;Full Term;SECOND-YEAR PROJECT;Oswald, Frederick L.;TBA TBAGR Course-Dept Schedules Exam;3
23709;PSYC 572 013;Full Term;SECOND-YEAR PROJECT;Pomerantz, James R.;TBA TBAGR Course-Dept Schedules Exam;3
23710;PSYC 572 014;Full Term;SECOND-YEAR PROJECT;Salas, Eduardo;TBA TBAGR Course-Dept Schedules Exam;3
24773;PSYC 572 015;Full Term;SECOND-YEAR PROJECT;King, Eden B.;TBA TBAGR Course-Dept Schedules Exam;3
20253;PSYC 573 001;Full Term;NON-THESIS GRADUATE RESEARCH;Beier, Margaret E.;TBA TBAGR Course-Dept Schedules Exam;1 TO 6
23157;PSYC 573 002;Full Term;NON-THESIS GRADUATE RESEARCH;Hebl, Michelle R.;TBA TBAGR Course-Dept Schedules Exam;1 TO 6
23158;PSYC 573 003;Full Term;NON-THESIS GRADUATE RESEARCH;Martin, Randi C.;TBA TBAGR Course-Dept Schedules Exam;1 TO 6
23159;PSYC 573 004;Full Term;NON-THESIS GRADUATE RESEARCH;Motowidlo, Stephan J.;TBA TBAGR Course-Dept Schedules Exam;1 TO 6
23160;PSYC 573 005;Full Term;NON-THESIS GRADUATE RESEARCH;Salas, Eduardo;TBA TBAGR Course-Dept Schedules Exam;1 TO 6
23711;PSYC 573 006;Full Term;NON-THESIS GRADUATE RESEARCH;Byrne, Michael D.;TBA TBAGR Course-Dept Schedules Exam;1 TO 6
23712;PSYC 573 007;Full Term;NON-THESIS GRADUATE RESEARCH;Dannemiller, James L.;TBA TBAGR Course-Dept Schedules Exam;1 TO 6
23713;PSYC 573 008;Full Term;NON-THESIS GRADUATE RESEARCH;Denny, Bryan T.;TBA TBAGR Course-Dept Schedules Exam;1 TO 6
23714;PSYC 573 009;Full Term;NON-THESIS GRADUATE RESEARCH;Fagundes, Christopher P.;TBA TBAGR Course-Dept Schedules Exam;1 TO 6
23715;PSYC 573 010;Full Term;NON-THESIS GRADUATE RESEARCH;Fischer-Baum, Simon J.;TBA TBAGR Course-Dept Schedules Exam;1 TO 6
23716;PSYC 573 011;Full Term;NON-THESIS GRADUATE RESEARCH;Kortum, Philip T.;TBA TBAGR Course-Dept Schedules Exam;1 TO 6
23717;PSYC 573 012;Full Term;NON-THESIS GRADUATE RESEARCH;Lane, David M.;TBA TBAGR Course-Dept Schedules Exam;1 TO 6
23718;PSYC 573 013;Full Term;NON-THESIS GRADUATE RESEARCH;Oswald, Frederick L.;TBA TBAGR Course-Dept Schedules Exam;1 TO 6
23719;PSYC 573 014;Full Term;NON-THESIS GRADUATE RESEARCH;Pomerantz, James R.;TBA TBAGR Course-Dept Schedules Exam;1 TO 6
24774;PSYC 573 015;Full Term;NON-THESIS GRADUATE RESEARCH;King, Eden B.;TBA TBAGR Course-Dept Schedules Exam;1 TO 6
24775;PSYC 574 001;Full Term;INTRO COGNITIVE NEUROSCIENCE;Wright, Anthony A.;TBA TBAGR Course-Dept Schedules Exam;3
24776;PSYC 575 001;Full Term;ATTENTION AND PERCEPTION;Dannemiller, James L.;2:00PM - 4:30PM W SEW 462GR Course-Dept Schedules Exam;3
24777;PSYC 586 001;Full Term;SOCIAL AND AFFECTIVE NEURO;Denny, Bryan T.;4:00PM - 5:15PM TR BRC 706GR Course-Dept Schedules Exam;3
24778;PSYC 630 001;Full Term;WORKFORCE READINESS;Oswald, Frederick L.;2:00PM - 4:30PM W SEW 303GR Course-Dept Schedules Exam;3
20710;PSYC 636 001;Full Term;ORGANIZATIONAL PSYCHOLOGY;Motowidlo, Stephan J.;1:00PM - 3:30PM M SEW 429GR Course-Dept Schedules Exam;3
20711;PSYC 639 001;Full Term;I/O PSYCHOLOGY INTERNSHIP;Byrne, Michael D.;TBA TBAGR Course-Dept Schedules Exam;1 TO 9
20712;PSYC 649 001;Full Term;HF/HCI PSYC INTERNSHIP;Byrne, Michael D.;TBA TBAGR Course-Dept Schedules Exam;1 TO 9
24394;PSYC 651 001;Full Term;DIVERSITY AND DISCRIMINATION;Hebl, Michelle R.;2:30PM - 5:00PM T SEW 462GR Course-Dept Schedules Exam;3
24779;PSYC 663 001;Full Term;MEDICAL HUMAN FACTORS;Kortum, Philip T.;9:25AM - 10:40AM TR SEW 305GR Course-Dept Schedules Exam;3
20254;PSYC 700 001;Full Term;THESIS RESEARCH;Beier, Margaret E.;TBA TBAGR Course-Dept Schedules Exam;1 TO 15
23161;PSYC 700 002;Full Term;THESIS RESEARCH;Fischer-Baum, Simon J.;TBA TBAGR Course-Dept Schedules Exam;1 TO 15
23162;PSYC 700 003;Full Term;THESIS RESEARCH;Hebl, Michelle R.;TBA TBAGR Course-Dept Schedules Exam;1 TO 15
23163;PSYC 700 004;Full Term;THESIS RESEARCH;Kortum, Philip T.;TBA TBAGR Course-Dept Schedules Exam;1 TO 15
23164;PSYC 700 005;Full Term;THESIS RESEARCH;Martin, Randi C.;TBA TBAGR Course-Dept Schedules Exam;1 TO 15
23165;PSYC 700 006;Full Term;THESIS RESEARCH;Motowidlo, Stephan J.;TBA TBAGR Course-Dept Schedules Exam;1 TO 15
23720;PSYC 700 007;Full Term;THESIS RESEARCH;Byrne, Michael D.;TBA TBAGR Course-Dept Schedules Exam;1 TO 15
23721;PSYC 700 008;Full Term;THESIS RESEARCH;Dannemiller, James L.;TBA TBAGR Course-Dept Schedules Exam;1 TO 15
23722;PSYC 700 009;Full Term;THESIS RESEARCH;Denny, Bryan T.;TBA TBAGR Course-Dept Schedules Exam;1 TO 15
23723;PSYC 700 010;Full Term;THESIS RESEARCH;Fagundes, Christopher P.;TBA TBAGR Course-Dept Schedules Exam;1 TO 15
23724;PSYC 700 011;Full Term;THESIS RESEARCH;Lane, David M.;TBA TBAGR Course-Dept Schedules Exam;1 TO 15
23725;PSYC 700 012;Full Term;THESIS RESEARCH;Oswald, Frederick L.;TBA TBAGR Course-Dept Schedules Exam;1 TO 15
23726;PSYC 700 013;Full Term;THESIS RESEARCH;Pomerantz, James R.;TBA TBAGR Course-Dept Schedules Exam;1 TO 15
23727;PSYC 700 014;Full Term;THESIS RESEARCH;Salas, Eduardo;TBA TBAGR Course-Dept Schedules Exam;1 TO 15
24780;PSYC 700 015;Full Term;THESIS RESEARCH;King, Eden B.;TBA TBAGR Course-Dept Schedules Exam;1 TO 15
20255;PSYC 800 001;Full Term;DISSERTATION RESEARCH;Lane, David M.;TBA TBAGR Course-Dept Schedules Exam;1 TO 15
23166;PSYC 800 002;Full Term;DISSERTATION RESEARCH;Beier, Margaret E.;TBA TBAGR Course-Dept Schedules Exam;1 TO 15
23168;PSYC 800 004;Full Term;DISSERTATION RESEARCH;Martin, Randi C.;TBA TBAGR Course-Dept Schedules Exam;1 TO 15
23728;PSYC 800 006;Full Term;DISSERTATION RESEARCH;Fischer-Baum, Simon J.;TBA TBAGR Course-Dept Schedules Exam;1 TO 15
23729;PSYC 800 007;Full Term;DISSERTATION RESEARCH;Byrne, Michael D.;TBA TBAGR Course-Dept Schedules Exam;1 TO 15
23730;PSYC 800 008;Full Term;DISSERTATION RESEARCH;Dannemiller, James L.;TBA TBAGR Course-Dept Schedules Exam;1 TO 15
23731;PSYC 800 009;Full Term;DISSERTATION RESEARCH;Denny, Bryan T.;TBA TBAGR Course-Dept Schedules Exam;1 TO 15
23732;PSYC 800 010;Full Term;DISSERTATION RESEARCH;Fagundes, Christopher P.;TBA TBAGR Course-Dept Schedules Exam;1 TO 15
23733;PSYC 800 011;Full Term;DISSERTATION RESEARCH;Hebl, Michelle R.;TBA TBAGR Course-Dept Schedules Exam;1 TO 15
23734;PSYC 800 012;Full Term;DISSERTATION RESEARCH;Kortum, Philip T.;TBA TBAGR Course-Dept Schedules Exam;1 TO 15
23735;PSYC 800 013;Full Term;DISSERTATION RESEARCH;Motowidlo, Stephan J.;TBA TBAGR Course-Dept Schedules Exam;1 TO 15
23736;PSYC 800 014;Full Term;DISSERTATION RESEARCH;Oswald, Frederick L.;TBA TBAGR Course-Dept Schedules Exam;1 TO 15
23737;PSYC 800 015;Full Term;DISSERTATION RESEARCH;Pomerantz, James R.;TBA TBAGR Course-Dept Schedules Exam;1 TO 15
23738;PSYC 800 016;Full Term;DISSERTATION RESEARCH;Salas, Eduardo;TBA TBAGR Course-Dept Schedules Exam;1 TO 15
24781;PSYC 800 017;Full Term;DISSERTATION RESEARCH;King, Eden B.;TBA TBAGR Course-Dept Schedules Exam;1 TO 15
20324;SMGT 260 001;Full Term;INTRO TO SPORT MANAGEMENT;Crossey, Diane M.;10:50AM - 12:05PM TR HUM 11726-APR-2018 9:00AM - 12:00PM R TBA TBANo Final Exam;3
23757;SMGT 266 001;Full Term;LEADING WITH SERVICE;Crossey, Diane M.;7:00PM - 9:30PM T TUD 20130-APR-2018 7:00PM - 10:00PM M TBA TBANo Final Exam;3
22060;SMGT 276 002;Full Term;SPORT MANAGEMENT PRACTICUM;Stallings, Tom;9:25AM - 10:40AM TR BKH 11628-APR-2018 9:00AM - 12:00PM S TBA TBANo Final Exam;3
20348;SMGT 362 001;Full Term;SPORT MARKETING;Haptonstall, Clark D.;2:30PM - 5:00PM T BRK 1032-MAY-2018 9:00AM - 12:00PM W TBA TBANo Final Exam;3
20379;SMGT 364 001;Full Term;SPORT LAW;Jones, Karen L.;7:00PM - 9:30PM M MCA 10330-APR-2018 7:00PM - 10:00PM M TBA TBATake-Home Exam;3
20347;SMGT 366 001;Full Term;EVENT MANAGEMENT;Crossey, Diane M.;1:00PM - 2:15PM TR GRW 160A27-APR-2018 9:00AM - 12:00PM F TBA TBANo Final Exam;3
20508;SMGT 376 001;Full Term;SPORT MANAGEMENT INTERNSHIP 1;Stallings, Tom;TBA TBA2-MAY-2018 7:00PM - 10:00PM W TBA TBANo Final Exam;3
20509;SMGT 377 001;Full Term;SPORT MANAGEMENT INTERNSHIP 2;Stallings, Tom;TBA TBA2-MAY-2018 7:00PM - 10:00PM W TBA TBANo Final Exam;3
20506;SMGT 378 001;Full Term;SPORT MANAGEMENT INTERNSHIP 3;Stallings, Tom;TBA TBA2-MAY-2018 7:00PM - 10:00PM W TBA TBANo Final Exam;3
20507;SMGT 379 001;Full Term;SPORT MANAGEMENT INTERNSHIP 4;Stallings, Tom;TBA TBA2-MAY-2018 7:00PM - 10:00PM W TBA TBANo Final Exam;1 TO 6
22061;SMGT 430 001;Full Term;INTRO TO SPORT ANALYTICS;Disch, James G.;8:00AM - 9:15AM TR SEW 2071-MAY-2018 7:00PM - 10:00PM T TBA TBANo Final Exam;3
25024;SMGT 440 001;Full Term;SPORT BUSINESS ANALYTICS;Disch, James G.;9:25AM - 10:40AM TR SEW 20728-APR-2018 9:00AM - 12:00PM S TBA TBATake-Home Exam;3
24519;SMGT 464 001;Full Term;ADVANCED SPORT LAW;Jones, Karen L.;4:00PM - 6:30PM M MCA 10330-APR-2018 7:00PM - 10:00PM M TBA TBATake-Home Exam;3
25025;SMGT 465 001;Full Term;SPORT CONTRACTS & NEGOTIATION;Jones, Karen L.;7:00PM - 9:30PM W MCA 1032-MAY-2018 2:00PM - 5:00PM W TBA TBATake-Home Exam;3
22062;SMGT 466 001;Full Term;SPORT PUBLIC RELATIONS;Haptonstall, Clark D.;1:00PM - 3:30PM W KCK 10126-APR-2018 7:00PM - 10:00PM R TBA TBANo Final Exam;3
25026;SMGT 470 001;Full Term;SPORT MANAGEMENT SEMINAR;Stallings, Tom;7:00PM - 9:30PM M HRG 12530-APR-2018 7:00PM - 10:00PM M TBA TBATake-Home Exam;3
20828;SMGT 495 001;Full Term;INDEPENDENT STUDY;Haptonstall, Clark D.;TBA TBANo Final Exam;1 TO 3
21116;SMGT 495 002;Full Term;INDEPENDENT STUDY;Crossey, Diane M.;TBA TBA2-MAY-2018 7:00PM - 10:00PM W TBA TBANo Final Exam;1 TO 3
21117;SMGT 495 003;Full Term;INDEPENDENT STUDY;Disch, James G.;TBA TBANo Final Exam;1 TO 3
21118;SMGT 495 004;Full Term;INDEPENDENT STUDY;Stallings, Tom;TBA TBANo Final Exam;1 TO 3
21119;SMGT 499 001;Full Term;TEACHING PRACTICUM;Disch, James G.;TBA TBANo Final Exam;1 TO 3
21120;SMGT 499 002;Full Term;TEACHING PRACTICUM;Crossey, Diane M.;TBA TBA2-MAY-2018 7:00PM - 10:00PM W TBA TBANo Final Exam;1 TO 3
20510;SMGT 499 003;Full Term;TEACHING PRACTICUM;Haptonstall, Clark D.;TBA TBANo Final Exam;1 TO 3
21121;SMGT 499 004;Full Term;TEACHING PRACTICUM;Stallings, Tom;TBA TBA2-MAY-2018 7:00PM - 10:00PM W TBA TBANo Final Exam;1 TO 3
23759;SMGT 499 005;Full Term;TEACHING PRACTICUM;Jones, Karen L.;TBA TBA2-MAY-2018 7:00PM - 10:00PM W TBA TBANo Final Exam;1 TO 3
20281;SOCI 101 001;Full Term;INTRODUCTION TO SOCIOLOGY;Werth, Robert J.;4:00PM - 5:15PM MW RZR 11928-APR-2018 7:00PM - 10:00PM S TBA TBAScheduled Final Exam-OTR Room;3
24164;SOCI 231 001;Full Term;SOCIAL PROBLEMS;Considine, Craig M.;9:25AM - 10:40AM TR SEW 30328-APR-2018 9:00AM - 12:00PM S TBA TBAScheduled Final Exam-OTR Room;3
25316;SOCI 299 001;Full Term;EXPERIENTIAL EDUCATION IN SOCI;Chavez, Sergio;TBA TBANo Final Exam;1
23438;SOCI 301 001;Full Term;SOCIAL INEQUALITY;Turley, Ruth N.;2:00PM - 3:15PM MW BRC 2821-MAY-2018 2:00PM - 5:00PM T TBA TBAScheduled Final Exam-OTR Room;3
25403;SOCI 306 002;Full Term;SOCIOLOGY OF GENDER;Paige, Robin;10:50AM - 12:05PM TR HRG 12926-APR-2018 9:00AM - 12:00PM R TBA TBATake-Home Exam;3
24646;SOCI 309 001;Full Term;RACE & ETHNIC RELATIONS;Considine, Craig M.;2:30PM - 3:45PM TR SEW 30930-APR-2018 2:00PM - 5:00PM M TBA TBAScheduled Final Exam-OTR Room;3
20606;SOCI 328 002;Full Term;HERC RESEARCH WORKSHOP;Turley, Ruth N.;12:00PM - 2:00PM M BRC 1020L1-MAY-2018 9:00AM - 12:00PM T TBA TBANo Final Exam;1 TO 4
25034;SOCI 334 001;Full Term;SOCIOLOGY OF THE FAMILY;Chavez, Sergio;2:30PM - 3:45PM TR RZR 11930-APR-2018 2:00PM - 5:00PM M TBA TBAScheduled Final Exam-OTR Room;3
25118;SOCI 340 001;Full Term;SOCIOLOGY OF IMMIGRATION;Di, Di;1:00PM - 2:15PM TR SEW 30527-APR-2018 9:00AM - 12:00PM F TBA TBAScheduled Final Exam-OTR Room;3
23440;SOCI 363 002;Full Term;AFRICAN AMER-JEWISH RELATIONS;Furman, Joshua J.;12:00PM - 12:50PM MWF RZR 30426-APR-2018 7:00PM - 10:00PM R TBA TBAScheduled Final Exam-OTR Room;3
23441;SOCI 364 002;Full Term;MUSLIMS IN AMERICAN SOCIETY;Considine, Craig M.;4:00PM - 5:15PM TR HRZ 21227-APR-2018 2:00PM - 5:00PM F TBA TBAScheduled Final Exam-OTR Room;3
23442;SOCI 365 002;Full Term;POLITICS OF REPRESENTATION;Sharim, Yehuda;2:00PM - 3:15PM MW SEW 3071-MAY-2018 2:00PM - 5:00PM T TBA TBAScheduled Final Exam-OTR Room;3
24648;SOCI 368 001;Full Term;SOCIOLOGY OF DISASTER;Elliott, James R.;10:50AM - 12:05PM TR RZR 12326-APR-2018 9:00AM - 12:00PM R TBA TBAScheduled Final Exam-OTR Room;3
25031;SOCI 374 001;Full Term;SOCIAL PSYCHOLOGY OF PREJUDICE;Brown, Tony N.;10:50AM - 12:05PM TR SEW 30326-APR-2018 9:00AM - 12:00PM R TBA TBAScheduled Final Exam-OTR Room;3
23443;SOCI 376 002;Full Term;ART AND ACTIVISM;Sharim, Yehuda;4:00PM - 5:15PM MW SEW 56028-APR-2018 7:00PM - 10:00PM S TBA TBAScheduled Final Exam-OTR Room;3
20367;SOCI 382 001;Full Term;SOCIAL STATISTICS;Brown, Tony N.;2:30PM - 3:45PM TR SEW 10130-APR-2018 2:00PM - 5:00PM M TBA TBAScheduled Final Exam-OTR Room;3
25374;SOCI 394 002;Full Term;HUMAN DEVELOPMENT;Lopez Alonso, Moramay;10:50AM - 12:05PM TR SEW 56226-APR-2018 9:00AM - 12:00PM R TBA TBANo Final Exam;3
25032;SOCI 396 001;Full Term;LAW AND RESISTANCE;Werth, Robert J.Ballestero, Andrea;2:00PM - 3:15PM MW RZR 1191-MAY-2018 2:00PM - 5:00PM T TBA TBAScheduled Final Exam-OTR Room;3
20007;SOCI 404 001;Full Term;INDEPENDENT STUDY;Bratter, Jenifer L.;TBA TBANo Final Exam;1 TO 4
22104;SOCI 404 002;Full Term;INDEPENDENT STUDY;Brown, Tony N.;TBA TBANo Final Exam;1 TO 4
20008;SOCI 404 003;Full Term;INDEPENDENT STUDY;Gorman, Bridget K.;TBA TBA2-MAY-2018 7:00PM - 10:00PM W TBA TBANo Final Exam;1 TO 4
20880;SOCI 404 004;Full Term;INDEPENDENT STUDY;Paige, Robin;TBA TBANo Final Exam;1 TO 4
22105;SOCI 404 005;Full Term;INDEPENDENT STUDY;Besbris, Max;TBA TBANo Final Exam;1 TO 4
21122;SOCI 404 006;Full Term;INDEPENDENT STUDY;Kimbro, Rachel T.;TBA TBANo Final Exam;1 TO 4
20009;SOCI 404 007;Full Term;INDEPENDENT STUDY;Rhodes, Anna C.;TBA TBANo Final Exam;1 TO 4
21574;SOCI 404 008;Full Term;INDEPENDENT STUDY;Turley, Ruth N.;TBA TBANo Final Exam;1 TO 4
22106;SOCI 404 009;Full Term;INDEPENDENT STUDY;Ecklund, Elaine H.;TBA TBANo Final Exam;1 TO 4
20863;SOCI 404 010;Full Term;INDEPENDENT STUDY;Chavez, Sergio;TBA TBANo Final Exam;1 TO 4
22107;SOCI 404 011;Full Term;INDEPENDENT STUDY;Elliott, James R.;TBA TBANo Final Exam;1 TO 4
22108;SOCI 404 012;Full Term;INDEPENDENT STUDY;Klineberg, Stephen L.;TBA TBANo Final Exam;1 TO 4
22109;SOCI 404 013;Full Term;INDEPENDENT STUDY;Murdock, Steve H.;TBA TBANo Final Exam;1 TO 4
24403;SOCI 404 014;Full Term;INDEPENDENT STUDY;Considine, Craig M.;TBA TBA2-MAY-2018 7:00PM - 10:00PM W TBA TBANo Final Exam;1 TO 4
20597;SOCI 406 001;Full Term;BASIC DEMOGRAPHIC TECHNIQUES;Murdock, Steve H.;6:30PM - 9:30PM W SEW 56029-APR-2018 2:00PM - 5:00PM U TBA TBAScheduled Final Exam-OTR Room;3
24649;SOCI 436 001;Full Term;HOUSTON AREA SURVEY;Klineberg, Stephen L.;1:00PM - 2:15PM TR SEW 10127-APR-2018 9:00AM - 12:00PM F TBA TBANo Final Exam;3
24653;SOCI 459 001;Full Term;RELIGION AND PUBLIC LIFE;Ecklund, Elaine H.;2:30PM - 5:20PM T SEW 5602-MAY-2018 9:00AM - 12:00PM W TBA TBANo Final Exam;3
20596;SOCI 470 001;Full Term;INEQUALITY AND URBAN LIFE;Whitehead, Ellen M.;2:00PM - 4:50PM M SEW 3031-MAY-2018 2:00PM - 5:00PM T TBA TBAScheduled Final Exam-OTR Room;4
20690;SOCI 492 001;Full Term;DIRECTED HONORS RESEARCH;Chavez, Sergio;TBA TBANo Final Exam;3
20691;SOCI 492 002;Full Term;DIRECTED HONORS RESEARCH;Besbris, Max;TBA TBANo Final Exam;3
20692;SOCI 492 003;Full Term;DIRECTED HONORS RESEARCH;Ecklund, Elaine H.;TBA TBANo Final Exam;3
20381;SOCI 492 005;Full Term;DIRECTED HONORS RESEARCH;Kimbro, Rachel T.;TBA TBANo Final Exam;3
20471;SOCI 492 006;Full Term;DIRECTED HONORS RESEARCH;Gorman, Bridget K.;TBA TBANo Final Exam;3
20877;SOCI 492 008;Full Term;DIRECTED HONORS RESEARCH;Bratter, Jenifer L.;TBA TBANo Final Exam;3
20654;SOCI 492 009;Full Term;DIRECTED HONORS RESEARCH;Turley, Ruth N.;TBA TBANo Final Exam;3
21110;SOCI 492 010;Full Term;DIRECTED HONORS RESEARCH;Brown, Tony N.;TBA TBANo Final Exam;3
24421;SOCI 492 011;Full Term;DIRECTED HONORS RESEARCH;Elliott, James R.;TBA TBANo Final Exam;3
24655;SOCI 492 012;Full Term;DIRECTED HONORS RESEARCH;Rhodes, Anna C.;TBA TBANo Final Exam;3
22278;SOCI 506 001;Full Term;BASIC DEMOGRAPHIC TECHNIQUES;Murdock, Steve H.;6:30PM - 9:30PM W SEW 56029-APR-2018 2:00PM - 5:00PM U TBA TBAGR Course-Dept Schedules Exam;3
24656;SOCI 511 001;Full Term;COMMUNITY & URBAN SOCIOLOGY;Elliott, James R.;2:00PM - 4:50PM W TBA TBAGR Course-Dept Schedules Exam;3
24650;SOCI 536 001;Full Term;HOUSTON AREA SURVEY;Klineberg, Stephen L.;1:00PM - 2:15PM TR SEW 101GR Course-Dept Schedules Exam;3
24654;SOCI 559 001;Full Term;RELIGION AND PUBLIC LIFE;Ecklund, Elaine H.;2:30PM - 5:20PM T SEW 560GR Course-Dept Schedules Exam;3
24657;SOCI 586 001;Full Term;MULTILEVEL MODELING;Li, Jing;9:00AM - 12:00PM W SEW 207GR Course-Dept Schedules Exam;3
21025;SOCI 605 001;Full Term;NON-THESIS GRADUATE RESEARCH;Ecklund, Elaine H.;TBA TBAGR Course-Dept Schedules Exam;1 TO 9
21026;SOCI 606 001;Full Term;THESIS RESEARCH;Ecklund, Elaine H.;TBA TBAGR Course-Dept Schedules Exam;3
21180;SOCI 609 001;Full Term;GRADUATE INDEPENDENT STUDY;Bratter, Jenifer L.;TBA TBAGR Course-Dept Schedules Exam;1 TO 9
21181;SOCI 609 002;Full Term;GRADUATE INDEPENDENT STUDY;Gorman, Bridget K.;TBA TBAGR Course-Dept Schedules Exam;1 TO 9
21182;SOCI 609 003;Full Term;GRADUATE INDEPENDENT STUDY;Besbris, Max;TBA TBAGR Course-Dept Schedules Exam;1 TO 9
21183;SOCI 609 004;Full Term;GRADUATE INDEPENDENT STUDY;Rhodes, Anna C.;TBA TBAGR Course-Dept Schedules Exam;1 TO 9
21184;SOCI 609 005;Full Term;GRADUATE INDEPENDENT STUDY;Chavez, Sergio;TBA TBAGR Course-Dept Schedules Exam;1 TO 9
21185;SOCI 609 006;Full Term;GRADUATE INDEPENDENT STUDY;Kimbro, Rachel T.;TBA TBAGR Course-Dept Schedules Exam;1 TO 9
21186;SOCI 609 008;Full Term;GRADUATE INDEPENDENT STUDY;Turley, Ruth N.;TBA TBAGR Course-Dept Schedules Exam;1 TO 9
21187;SOCI 609 009;Full Term;GRADUATE INDEPENDENT STUDY;Klineberg, Stephen L.;TBA TBAGR Course-Dept Schedules Exam;1 TO 9
21188;SOCI 609 010;Full Term;GRADUATE INDEPENDENT STUDY;Ecklund, Elaine H.;TBA TBAGR Course-Dept Schedules Exam;1 TO 9
21189;SOCI 609 011;Full Term;GRADUATE INDEPENDENT STUDY;Murdock, Steve H.;TBA TBAGR Course-Dept Schedules Exam;1 TO 9
21190;SOCI 609 012;Full Term;GRADUATE INDEPENDENT STUDY;Long, Elizabeth;TBA TBAGR Course-Dept Schedules Exam;1 TO 9
21089;SOCI 610 001;Full Term;PROFESSIONALIZATION WORKSHOP;Ecklund, Elaine H.;12:00PM - 12:50PM F SEW 562GR Course-Dept Schedules Exam;1
21027;SOCI 700 001;Full Term;DISSERTATION RESEARCH;Ecklund, Elaine H.;TBA TBAGR Course-Dept Schedules Exam;1 TO 15
24966;SOSC 238 001;Full Term;SOCIAL CONTEXT IN INNOVATION;Larson, Abby;9:25AM - 10:40AM TR KCK 10528-APR-2018 9:00AM - 12:00PM S TBA TBANo Final Exam;3
25005;SOSC 300 001;Full Term;INTRODUCTION TO PUBLIC POLICY;Matusow, Allen J.Valentin, Edward;2:30PM - 3:45PM TR HUM 11730-APR-2018 2:00PM - 5:00PM M TBA TBATake-Home Exam;3
24496;SOSC 301 001;Full Term;POLICY ANALYSIS;Stein, Robert M.;9:25AM - 10:40AM TR DCC 11328-APR-2018 9:00AM - 12:00PM S TBA TBANo Final Exam;3
25006;SOSC 406 001;Full Term;JUDICIAL PRACTICUM;Werth, Robert J.;6:30PM - 8:30PM M TBA TBA2-MAY-2018 2:00PM - 5:00PM W TBA TBAScheduled Final Exam-OTR Room;3
22452;SOSC 444 001;Full Term;CONSULTING PRACTICUM;Hampton, Lawrence P.;4:00PM - 5:15PM TR GRW 160A27-APR-2018 2:00PM - 5:00PM F TBA TBANo Final Exam;3
24209;SOSC 464 001;Full Term;SOCIAL ENTREPRENEURSHIP;Schuler, Douglas A.;10:50AM - 12:05PM TR MCN 21426-APR-2018 9:00AM - 12:00PM R TBA TBAScheduled Final Exam-Dept Room;3
