CRN,Course,Session,Title,Instructor(s),Schedule,Credits
25493,BIOE 007 001,2nd Half of Full Term,VISITING RESEARCH,Richards-Kortum, Rebecca R., TBA TBA2-MAY-2018  7:00PM - 10:00PM W TBA TBANo Final Exam,0
25510,BIOE 007 002,1st Half of Full Term,VISITING RESEARCH,Veiseh, Omid, TBA TBANo Final Exam,0
25515,BIOE 007 003,2nd Half of Full Term,VISITING RESEARCH,Veiseh, Omid, TBA TBA2-MAY-2018  7:00PM - 10:00PM W TBA TBANo Final Exam,0
25529,BIOE 007 004,1st Half of Full Term,VISITING RESEARCH,Richards-Kortum, Rebecca R., TBA TBANo Final Exam,0
25383,BIOE 202 001,Full Term,CAREERS IN BIOENGINEERING,Ramos, Renata F.,1:00PM - 1:50PM F BRC 28525-APR-2018  2:00PM - 5:00PM W TBA TBANo Final Exam,1
20178,BIOE 320 001,Full Term,SYSTEMS PHYSIOLOGY LAB MODULE,Ramos, Renata F.,1:00PM - 3:50PM M TBA TBA1-MAY-2018  9:00AM - 12:00PM T TBA TBANo Final Exam,1
21781,BIOE 320 002,Full Term,SYSTEMS PHYSIOLOGY LAB MODULE,Ramos, Renata F.,1:00PM - 3:50PM T TBA TBA27-APR-2018  9:00AM - 12:00PM F TBA TBANo Final Exam,1
20179,BIOE 320 003,Full Term,SYSTEMS PHYSIOLOGY LAB MODULE,Ramos, Renata F.,1:00PM - 3:50PM R TBA TBA25-APR-2018  2:00PM - 5:00PM W TBA TBANo Final Exam,1
20951,BIOE 321 001,Full Term,CELLULAR ENGINEERING,Diehl, Michael R.,2:30PM - 3:45PM TR BRC 28530-APR-2018  2:00PM - 5:00PM M TBA TBANo Final Exam,3
21496,BIOE 322 001,Full Term,FUND OF SYSTEMS PHYSIOLOGY,Abidi, Sabia Z.,11:00AM - 12:15PM MWF BRC 28225-APR-2018  9:00AM - 12:00PM W TBA TBANo Final Exam,3
20180,BIOE 330 001,Full Term,BIOREACTION ENGINEERING,Veiseh, Omid,10:50AM - 12:05PM TR BRC 28226-APR-2018  9:00AM - 12:00PM R TBA TBAScheduled Final Exam-OTR Room,3
20181,BIOE 332 001,Full Term,BIOENGINEERING THERMODYNAMICS,Tabor, Jeffrey,10:00AM - 10:50AM MWF BRC 28230-APR-2018  9:00AM - 12:00PM M TBA TBAScheduled Final Exam-OTR Room,3
20513,BIOE 342 001,1st Half of Full Term,LABORATORY IN TISSUE CULTURE,Ghosn, Bilal,1:00PM - 5:50PM MW KCK 1082:00PM - 2:50PM F KCK 107Scheduled Final Exam-Dept Room,1
20515,BIOE 342 002,1st Half of Full Term,LABORATORY IN TISSUE CULTURE,Ghosn, Bilal,1:00PM - 5:50PM TR KCK 1082:00PM - 2:50PM F KCK 107No Final Exam,1
20525,BIOE 360 001,Full Term,APPRO DESIGN FOR GLOBAL HEALTH,Bond, Meaghan M.,1:00PM - 2:15PM TR BRC 28427-APR-2018  9:00AM - 12:00PM F TBA TBAScheduled Final Exam-OTR Room,3
22672,BIOE 365 001,Full Term,SUST WTR PURIF FOR DEV WORLD,Loyo Rosales, Jorge E.,11:00AM - 12:15PM MW OED 114No Final Exam,3
20182,BIOE 372 001,Full Term,BIOMECHANICS,Levine, Herbert,9:25AM - 10:40AM TR BRC 28228-APR-2018  9:00AM - 12:00PM S TBA TBAScheduled Final Exam-OTR Room,3
20299,BIOE 391 001,Full Term,NUMERICAL METHODS,Bao, Gang,9:00AM - 9:50AM MW BRC 2829:00AM - 9:50AM F BRC 28226-APR-2018  2:00PM - 5:00PM R TBA TBANo Final Exam,3
20183,BIOE 400 001,Full Term,ENGINEERING UG RESEARCH,San, Ka-Yiu, TBA TBA2-MAY-2018  7:00PM - 10:00PM W TBA TBANo Final Exam,1 TO 4
23224,BIOE 401 002,Full Term,UNDERGRADUATE RESEARCH,San, Ka-Yiu, TBA TBA2-MAY-2018  7:00PM - 10:00PM W TBA TBANo Final Exam,1 TO 4
25530,BIOE 401 003,Full Term,UNDERGRADUATE RESEARCH,San, Ka-Yiu, TBA TBA2-MAY-2018  7:00PM - 10:00PM W TBA TBANo Final Exam,1 TO 4
21321,BIOE 422 001,Full Term,GENE THERAPY,Suh, Junghae,2:30PM - 3:45PM TR BRC 28630-APR-2018  2:00PM - 5:00PM M TBA TBANo Final Exam,3
20187,BIOE 440 001,2nd Half of Full Term,STATISTICS FOR BIOENGINEERING,Ghosn, Bilal,1:00PM - 1:50PM MWF AEL B2091-MAY-2018  9:00AM - 12:00PM T TBA TBANo Final Exam,1
20184,BIOE 444 001,2nd Half of Full Term,MECHANICAL TESTING LAB MODULE,Ramos, Renata F.,1:00PM - 5:50PM M TBA TBA1-MAY-2018  9:00AM - 12:00PM T TBA TBANo Final Exam,1
20685,BIOE 444 002,2nd Half of Full Term,MECHANICAL TESTING LAB MODULE,Ramos, Renata F.,1:00PM - 5:50PM T TBA TBAScheduled Final Exam-Dept Room,1
25320,BIOE 447 002,2nd Half of Full Term,DIG DES & VIS,Ghosn, Bilal,2:00PM - 6:00PM TR TBA TBA30-APR-2018  2:00PM - 5:00PM M TBA TBANo Final Exam,1
20490,BIOE 452 001,Full Term,BIOENGINEERING DESIGN II,Richardson, Eric S.,8:30AM - 9:50AM MWF HRG 10026-APR-2018  2:00PM - 5:00PM R TBA TBAScheduled Final Exam-OTR Room,3
20542,BIOE 484 001,Full Term,BIOPHOTONICS INSTRUMENTATION,Tkaczyk, Tomasz,1:00PM - 2:15PM TR BRC 28527-APR-2018  9:00AM - 12:00PM F TBA TBANo Final Exam,3
24884,BIOE 486 001,Full Term,FUND MEDICAL IMAGING II,Mawlawi, Osama,4:00PM - 6:50PM R BRC 28527-APR-2018  2:00PM - 5:00PM F TBA TBATake-Home Exam,3
21054,BIOE 492 001,Full Term,SENSORY NEUROENGINEERING,Raphael, Robert M.,2:30PM - 3:50PM MW BRC 2841-MAY-2018  2:00PM - 5:00PM T TBA TBANo Final Exam,3
20185,BIOE 500 001,Full Term,GRADUATE RESEARCH,Raphael, Robert M., TBA TBAGR Course-Dept Schedules Exam,1 TO 15
23197,BIOE 500 002,Full Term,GRADUATE RESEARCH,Deem, Michael W., TBA TBAGR Course-Dept Schedules Exam,1 TO 15
23198,BIOE 500 003,Full Term,GRADUATE RESEARCH,Diehl, Michael R., TBA TBAGR Course-Dept Schedules Exam,1 TO 15
23199,BIOE 500 004,Full Term,GRADUATE RESEARCH,Drezek, Rebekah A., TBA TBAGR Course-Dept Schedules Exam,1 TO 15
23200,BIOE 500 005,Full Term,GRADUATE RESEARCH,Grande-Allen, Kathryn J., TBA TBAGR Course-Dept Schedules Exam,1 TO 15
23201,BIOE 500 006,Full Term,GRADUATE RESEARCH,Igoshin, Oleg, TBA TBAGR Course-Dept Schedules Exam,1 TO 15
23203,BIOE 500 008,Full Term,GRADUATE RESEARCH,, TBA TBAGR Course-Dept Schedules Exam,1 TO 15
23204,BIOE 500 009,Full Term,GRADUATE RESEARCH,Levine, Herbert, TBA TBAGR Course-Dept Schedules Exam,1 TO 15
23205,BIOE 500 010,Full Term,GRADUATE RESEARCH,Ma, Jianpeng, TBA TBAGR Course-Dept Schedules Exam,1 TO 15
23206,BIOE 500 011,Full Term,GRADUATE RESEARCH,Mikos, Antonios G., TBA TBAGR Course-Dept Schedules Exam,1 TO 15
23207,BIOE 500 012,Full Term,GRADUATE RESEARCH,Miller, Jordan S., TBA TBAGR Course-Dept Schedules Exam,1 TO 15
23208,BIOE 500 013,Full Term,GRADUATE RESEARCH,Qutub, Amina A., TBA TBAGR Course-Dept Schedules Exam,1 TO 15
23209,BIOE 500 014,Full Term,GRADUATE RESEARCH,Bao, Gang, TBA TBAGR Course-Dept Schedules Exam,1 TO 15
23210,BIOE 500 015,Full Term,GRADUATE RESEARCH,Richards-Kortum, Rebecca R., TBA TBAGR Course-Dept Schedules Exam,1 TO 15
23211,BIOE 500 016,Full Term,GRADUATE RESEARCH,San, Ka-Yiu, TBA TBAGR Course-Dept Schedules Exam,1 TO 15
23212,BIOE 500 017,Full Term,GRADUATE RESEARCH,Suh, Junghae, TBA TBAGR Course-Dept Schedules Exam,1 TO 15
23213,BIOE 500 018,Full Term,GRADUATE RESEARCH,Tabor, Jeffrey, TBA TBAGR Course-Dept Schedules Exam,1 TO 15
23214,BIOE 500 019,Full Term,GRADUATE RESEARCH,Tkaczyk, Tomasz, TBA TBAGR Course-Dept Schedules Exam,1 TO 15
23215,BIOE 500 020,Full Term,GRADUATE RESEARCH,Zhang, David Y., TBA TBAGR Course-Dept Schedules Exam,1 TO 15
24309,BIOE 500 021,Full Term,GRADUATE RESEARCH,Pasquali, Matteo, TBA TBAGR Course-Dept Schedules Exam,1 TO 15
24310,BIOE 500 022,Full Term,GRADUATE RESEARCH,Robinson, Jacob T., TBA TBAGR Course-Dept Schedules Exam,1 TO 15
25439,BIOE 500 023,Full Term,GRADUATE RESEARCH,Veiseh, Omid, TBA TBAGR Course-Dept Schedules Exam,1 TO 15
25520,BIOE 500 024,Full Term,GRADUATE RESEARCH,Hartgerink, Jeffrey D., TBA TBAGR Course-Dept Schedules Exam,1 TO 15
20618,BIOE 506 001,Full Term,GRADUATE INDEPENDENT STUDY,Richardson, Eric S., TBA TBAGR Course-Dept Schedules Exam,1 TO 6
24415,BIOE 506 002,Full Term,GRADUATE INDEPENDENT STUDY,Raphael, Robert M., TBA TBAGR Course-Dept Schedules Exam,1 TO 6
25560,BIOE 506 003,2nd Half of Full Term,GRADUATE INDEPENDENT STUDY,Igoshin, Oleg, TBA TBAGR Course-Dept Schedules Exam,1 TO 6
20848,BIOE 512 001,Full Term,BIOPHOTONICS INSTRUMENTATION,Tkaczyk, Tomasz,1:00PM - 2:15PM TR BRC 285GR Course-Dept Schedules Exam,3
20953,BIOE 518 001,Full Term,INTRO TO COMPUTATION BIOLOGY,Igoshin, Oleg,9:25AM - 10:40AM TR BRC 284GR Course-Dept Schedules Exam,3
20952,BIOE 519 001,Full Term,BIOMATERIALS SYNTHESIS,Miller, Jordan S.,3:30PM - 4:50PM MW BRC 282GR Course-Dept Schedules Exam,3
21322,BIOE 522 001,Full Term,GENE THERAPY,Suh, Junghae,2:30PM - 3:45PM TR BRC 286GR Course-Dept Schedules Exam,3
21783,BIOE 529 001,Full Term,MEDICAL TECHNOLOGY DESIGN 2,Richardson, Eric S.,10:50AM - 12:05PM TR TBA TBAGR Course-Dept Schedules Exam,3
21784,BIOE 530 001,Full Term,MEDICAL TECH IMPLEMENTATION 2,Richardson, Eric S.,12:30PM - 1:45PM MR TBA TBAGR Course-Dept Schedules Exam,3
20853,BIOE 560 001,Full Term,CANCER BIOLOGY,Papadopoulos, Pamela C.,8:00AM - 9:15AM TR BRC 2821-MAY-2018  7:00PM - 10:00PM T TBA TBAGR Course-Dept Schedules Exam,3
21055,BIOE 592 001,Full Term,SENSORY NEUROENGINEERING,Raphael, Robert M.,2:30PM - 3:50PM MW BRC 284GR Course-Dept Schedules Exam,3
25393,BIOE 595 001,Full Term,MODELING TISSUE MECHANICS,Boriek, A M.,2:00PM - 3:15PM MW HBH 22GR Course-Dept Schedules Exam,3
25466,BIOE 596 001,Full Term,FUND MEDICAL IMAGING II,Mawlawi, Osama,4:00PM - 6:50PM R BRC 28527-APR-2018  2:00PM - 5:00PM F TBA TBAGR Course-Dept Schedules Exam,3
20340,BIOE 610 001,Full Term,METHODS OF MOLECULAR SIMUL,Deem, Michael W.,2:30PM - 3:50PM MW BRC 285GR Course-Dept Schedules Exam,3
20684,BIOE 620 001,Full Term,TISSUE ENGINEERING,Mikos, Antonios G.,11:00AM - 12:15PM MWF BRC 284GR Course-Dept Schedules Exam,3
24241,BIOE 628 001,Full Term,MED TECH DESIGN SEMINAR 2,Richardson, Eric S.,4:00PM - 5:15PM W BRC 285GR Course-Dept Schedules Exam,1.5
25301,BIOE 633 001,MBA Term II,LIFE SCIENCE ENTREPRENEURSHIP,Gill, Jack M.,4:00PM - 6:00PM TR BRC 103GR Course-Dept Schedules Exam,1.5
24888,BIOE 680 001,Full Term,NANO-NEUROTECHNOLOGY,Robinson, Jacob T.,2:00PM - 4:30PM W DCH 1046GR Course-Dept Schedules Exam,3
20186,BIOE 699 001,Full Term,BIOENGINEERING COLLOQUIA,Veiseh, Omid,4:00PM - 4:50PM T BRC 282GR Course-Dept Schedules Exam,1
21165,CAAM 210 001,Full Term,INTRO TO ENG COMPUTATION,Huang, Wen,10:00AM - 10:50AM MWF KCK 10030-APR-2018  9:00AM - 12:00PM M TBA TBAScheduled Final Exam-OTR Room,3
20167,CAAM 335 001,Full Term,MATRIX ANALYSIS,Chan, Jesse L.,2:00PM - 2:50PM MWF HRZ 21028-APR-2018  2:00PM - 5:00PM S TBA TBAScheduled Final Exam-OTR Room,3
22331,CAAM 335 002,Full Term,MATRIX ANALYSIS,Chaabane, Nabil,9:00AM - 9:50AM MWF DCH 106426-APR-2018  2:00PM - 5:00PM R TBA TBAScheduled Final Exam-OTR Room,3
25415,CAAM 335 003,Full Term,MATRIX ANALYSIS,Joshi, Babhru,9:00AM - 9:50AM MWF DCH 107526-APR-2018  2:00PM - 5:00PM R TBA TBAScheduled Final Exam-OTR Room,3
20168,CAAM 336 001,Full Term,DIFF EQUATIONS SCI & ENG,de Hoop, Maarten V.,1:00PM - 1:50PM MWF ABL 1311-MAY-2018  9:00AM - 12:00PM T TBA TBAScheduled Final Exam-OTR Room,3
23529,CAAM 336 002,Full Term,DIFF EQUATIONS SCI & ENG,Wong, Christopher A.,1:00PM - 1:50PM MWF DCH 10421-MAY-2018  9:00AM - 12:00PM T TBA TBAScheduled Final Exam-OTR Room,3
25043,CAAM 336 003,Full Term,DIFF EQUATIONS SCI & ENG,Hendryx, Emily,9:00AM - 9:50AM MWF DCH 104626-APR-2018  2:00PM - 5:00PM R TBA TBAScheduled Final Exam-OTR Room,3
22456,CAAM 416 001,Full Term,NEURAL COMPUTATION,Pitkow, Zachary S.,2:30PM - 3:45PM TR KCK 10130-APR-2018  2:00PM - 5:00PM M TBA TBANo Final Exam,3
24755,CAAM 435 001,Full Term,DYNAMICAL SYSTEMS,Hardt, Robert M.,1:00PM - 2:15PM TR MEL 25127-APR-2018  9:00AM - 12:00PM F TBA TBATake-Home Exam,3
20169,CAAM 454 001,Full Term,NUMERICAL ANALYSIS II,Heinkenschloss, Matthias,2:30PM - 3:45PM TR DCH 104630-APR-2018  2:00PM - 5:00PM M TBA TBAScheduled Final Exam-OTR Room,3
20321,CAAM 471 001,Full Term,LINEAR AND INTEGER PROGRAMMING,Hicks, Illya V.,1:00PM - 2:15PM TR DCH 104627-APR-2018  9:00AM - 12:00PM F TBA TBAScheduled Final Exam-OTR Room,3
20850,CAAM 480 001,Full Term,PEDAGOGY FOR RLAs,Huang, Wen,6:00PM - 6:50PM TR DCH 107526-APR-2018  7:00PM - 10:00PM R TBA TBANo Final Exam,2
23306,CAAM 491 001,Full Term,UNDERGRAD RESEARCH PROJECTS,Chan, Jesse L., TBA TBANo Final Exam,1 TO 6
23531,CAAM 491 002,Full Term,UNDERGRAD RESEARCH PROJECTS,de Hoop, Maarten V., TBA TBANo Final Exam,1 TO 6
23532,CAAM 491 003,Full Term,UNDERGRAD RESEARCH PROJECTS,Gillman, Adrianna M., TBA TBANo Final Exam,1 TO 6
23533,CAAM 491 004,Full Term,UNDERGRAD RESEARCH PROJECTS,Hand, Paul E., TBA TBANo Final Exam,1 TO 6
23534,CAAM 491 005,Full Term,UNDERGRAD RESEARCH PROJECTS,Heinkenschloss, Matthias, TBA TBANo Final Exam,1 TO 6
23535,CAAM 491 006,Full Term,UNDERGRAD RESEARCH PROJECTS,Hicks, Illya V., TBA TBANo Final Exam,1 TO 6
23536,CAAM 491 007,Full Term,UNDERGRAD RESEARCH PROJECTS,Knepley, Matthew G., TBA TBANo Final Exam,1 TO 6
23537,CAAM 491 008,Full Term,UNDERGRAD RESEARCH PROJECTS,Riviere, Beatrice, TBA TBANo Final Exam,1 TO 6
23538,CAAM 491 009,Full Term,UNDERGRAD RESEARCH PROJECTS,Schaefer, Andrew J., TBA TBA2-MAY-2018  7:00PM - 10:00PM W TBA TBANo Final Exam,1 TO 6
23539,CAAM 491 010,Full Term,UNDERGRAD RESEARCH PROJECTS,Tapia, Richard A., TBA TBANo Final Exam,1 TO 6
23540,CAAM 491 011,Full Term,UNDERGRAD RESEARCH PROJECTS,Zhang, Yin, TBA TBANo Final Exam,1 TO 6
20364,CAAM 496 001,Full Term,SENIOR DESIGN PROJECT II,Riviere, Beatrice,4:00PM - 4:50PM T DCH 107527-APR-2018  2:00PM - 5:00PM F TBA TBANo Final Exam,2 TO 3
22131,CAAM 536 001,Full Term,NUMERICAL METHODS FOR PDES,Scott, L R.,1:00PM - 2:15PM TR DCH 1042GR Course-Dept Schedules Exam,3
20366,CAAM 554 001,Full Term,NUMERICAL ANALYSIS II,Heinkenschloss, Matthias,2:30PM - 3:45PM TR DCH 104630-APR-2018  2:00PM - 5:00PM M TBA TBAGR Course-Dept Schedules Exam,3
25014,CAAM 570 001,Full Term,GRAPH THEORY,Brimkov, Boris,9:25AM - 10:40AM TR MEL 251GR Course-Dept Schedules Exam,3
20418,CAAM 571 001,Full Term,LINEAR AND INTEGER PROGRAMMING,Hicks, Illya V.,1:00PM - 2:15PM TR DCH 104627-APR-2018  9:00AM - 12:00PM F TBA TBAGR Course-Dept Schedules Exam,3
23276,CAAM 591 001,Full Term,GRADUATE RESEARCH PROJECTS,Chan, Jesse L., TBA TBAGR Course-Dept Schedules Exam,1 TO 15
23289,CAAM 591 002,Full Term,GRADUATE RESEARCH PROJECTS,de Hoop, Maarten V., TBA TBAGR Course-Dept Schedules Exam,1 TO 15
23290,CAAM 591 003,Full Term,GRADUATE RESEARCH PROJECTS,Gillman, Adrianna M., TBA TBAGR Course-Dept Schedules Exam,1 TO 15
23541,CAAM 591 004,Full Term,GRADUATE RESEARCH PROJECTS,Hand, Paul E., TBA TBAGR Course-Dept Schedules Exam,1 TO 15
23542,CAAM 591 005,Full Term,GRADUATE RESEARCH PROJECTS,Heinkenschloss, Matthias, TBA TBAGR Course-Dept Schedules Exam,1 TO 15
23543,CAAM 591 006,Full Term,GRADUATE RESEARCH PROJECTS,Hicks, Illya V., TBA TBAGR Course-Dept Schedules Exam,1 TO 15
23544,CAAM 591 007,Full Term,GRADUATE RESEARCH PROJECTS,Knepley, Matthew G., TBA TBAGR Course-Dept Schedules Exam,1 TO 15
23545,CAAM 591 008,Full Term,GRADUATE RESEARCH PROJECTS,Riviere, Beatrice, TBA TBAGR Course-Dept Schedules Exam,1 TO 15
23546,CAAM 591 009,Full Term,GRADUATE RESEARCH PROJECTS,Schaefer, Andrew J., TBA TBAGR Course-Dept Schedules Exam,1 TO 15
23547,CAAM 591 010,Full Term,GRADUATE RESEARCH PROJECTS,Tapia, Richard A., TBA TBAGR Course-Dept Schedules Exam,1 TO 15
23548,CAAM 591 011,Full Term,GRADUATE RESEARCH PROJECTS,Zhang, Yin, TBA TBAGR Course-Dept Schedules Exam,1 TO 15
20320,CAAM 600 001,Full Term,THESIS WRITING,Hewitt, Janice L.Heinkenschloss, Matthias,10:00AM - 11:50AM F AEL B209GR Course-Dept Schedules Exam,3
25041,CAAM 620 001,Full Term,TOPICS IN COMPUTATIONL SCIENCE,Scott, L R.,9:25AM - 10:40AM TR TBA TBAGR Course-Dept Schedules Exam,1 TO 3
20732,CAAM 652 001,Full Term,TOPICS IN NUM DIFF EQNS,Chan, Jesse L.,10:00AM - 10:50AM W TBA TBAGR Course-Dept Schedules Exam,1 TO 3
23271,CAAM 800 001,Full Term,RESEARCH AND THESIS,Chan, Jesse L., TBA TBAGR Course-Dept Schedules Exam,1 TO 15
23291,CAAM 800 002,Full Term,RESEARCH AND THESIS,de Hoop, Maarten V., TBA TBAGR Course-Dept Schedules Exam,1 TO 15
23292,CAAM 800 003,Full Term,RESEARCH AND THESIS,Gillman, Adrianna M., TBA TBAGR Course-Dept Schedules Exam,1 TO 15
23293,CAAM 800 004,Full Term,RESEARCH AND THESIS,Hand, Paul E., TBA TBAGR Course-Dept Schedules Exam,1 TO 15
23294,CAAM 800 005,Full Term,RESEARCH AND THESIS,Heinkenschloss, Matthias, TBA TBAGR Course-Dept Schedules Exam,1 TO 15
23295,CAAM 800 006,Full Term,RESEARCH AND THESIS,Hicks, Illya V., TBA TBAGR Course-Dept Schedules Exam,1 TO 15
23296,CAAM 800 007,Full Term,RESEARCH AND THESIS,Knepley, Matthew G., TBA TBAGR Course-Dept Schedules Exam,1 TO 15
23550,CAAM 800 008,Full Term,RESEARCH AND THESIS,Riviere, Beatrice, TBA TBAGR Course-Dept Schedules Exam,1 TO 15
23551,CAAM 800 009,Full Term,RESEARCH AND THESIS,Schaefer, Andrew J., TBA TBAGR Course-Dept Schedules Exam,1 TO 15
23552,CAAM 800 010,Full Term,RESEARCH AND THESIS,Tapia, Richard A., TBA TBAGR Course-Dept Schedules Exam,1 TO 15
23553,CAAM 800 011,Full Term,RESEARCH AND THESIS,Zhang, Yin, TBA TBAGR Course-Dept Schedules Exam,1 TO 15
25080,CEVE 201 001,Full Term,ENG ECONOMICS & PROJECT MGMT,Segner, Edmund P.,2:00PM - 4:30PM M MEL 2511-MAY-2018  2:00PM - 5:00PM T TBA TBANo Final Exam,3
25366,CEVE 210 001,Full Term,WILD TOPICS CHEM AND NANOTECH,Tour, James M.,3:00PM - 3:50PM F DBH 180No Final Exam,1
20301,CEVE 211 001,Full Term,ENGINEERING MECHANICS,Fregly, Benjamin,8:00AM - 9:15AM TR MEL 2541-MAY-2018  7:00PM - 10:00PM T TBA TBAScheduled Final Exam-OTR Room,3
20100,CEVE 304 001,Full Term,STRUCTURAL ANALYSIS I,Wilkerson, Steven M.,6:40PM - 7:55PM TR RYN 20126-APR-2018  7:00PM - 10:00PM R TBA TBAScheduled Final Exam-OTR Room,3
20101,CEVE 307 001,Full Term,ENERGY AND THE ENVIRONMENT,Cohan, Daniel S.,9:25AM - 10:40AM TR RZR 11928-APR-2018  9:00AM - 12:00PM S TBA TBANo Final Exam,3
20104,CEVE 311 001,Full Term,MECHANICS OF SOLIDS,Nagarajaiah, Satish,1:00PM - 2:15PM TR RYN 20127-APR-2018  9:00AM - 12:00PM F TBA TBAScheduled Final Exam-OTR Room,3
22459,CEVE 311 002,Full Term,MECHANICS OF SOLIDS,Marquez, Eleazar,10:00AM - 10:50AM MWF MEB 12830-APR-2018  9:00AM - 12:00PM M TBA TBAScheduled Final Exam-OTR Room,3
20105,CEVE 312 001,Full Term,STRENGTH OF MATERIALS LAB,Nagarajaiah, Satish,2:30PM - 5:00PM T RYN 2012-MAY-2018  9:00AM - 12:00PM W TBA TBANo Final Exam,1
20337,CEVE 313 001,Full Term,UNCERT & RISK IN URBAN INFRAST,Duenas Osorio, Leonardo A.,10:00AM - 10:50AM MWF KCK 105Scheduled Final Exam-OTR Room,3
22671,CEVE 314 001,Full Term,SUST WTR PURIF FOR DEV WORLD,Loyo Rosales, Jorge E.,11:00AM - 12:15PM MW OED 11425-APR-2018  9:00AM - 12:00PM W TBA TBANo Final Exam,3
20106,CEVE 400 001,Full Term,ADV MECHANICS OF MATERIALS,Stanciulescu, Ilinca,4:00PM - 5:15PM MW RYN 20128-APR-2018  7:00PM - 10:00PM S TBA TBANo Final Exam,3
24782,CEVE 404 001,Full Term,ATMOSPHERIC PARTICULATE MATTER,Griffin, Robert J.,10:00AM - 10:50AM MWF KCK 10130-APR-2018  9:00AM - 12:00PM M TBA TBANo Final Exam,3
20107,CEVE 405 001,Full Term,STEEL DESIGN,Rubiano Benavides, Nestor R.,5:10PM - 6:25PM TR AEL A12129-APR-2018  7:00PM - 10:00PM U TBA TBAScheduled Final Exam-OTR Room,3
20998,CEVE 412 001,Full Term,HYDROLOGY & WATER RESOUCES ENG,Bedient, Philip B.,10:50AM - 12:05PM TR MEL 25126-APR-2018  9:00AM - 12:00PM R TBA TBAScheduled Final Exam-OTR Room,3
24581,CEVE 417 001,Full Term,FINITE ELEMENT ANALYSIS,Akin, John E.,1:00PM - 2:15PM TR MEB 12827-APR-2018  9:00AM - 12:00PM F TBA TBAScheduled Final Exam-OTR Room,3
20653,CEVE 452 002,Full Term,URBAN TRANSPORTATION SYSTEMS,Chapa, ArmandinaSpieler, Christof T.,8:00AM - 9:15AM TR RYN 2011-MAY-2018  7:00PM - 10:00PM T TBA TBATake-Home Exam,3
20109,CEVE 480 001,Full Term,SENIOR DESIGN,Penland, Charles M.Cannady, William T.Adamson, David T.,3:00PM - 5:30PM R MEL 25130-APR-2018  2:00PM - 5:00PM M TBA TBANo Final Exam,3
24277,CEVE 499 001,Full Term,SPECIAL TOPICS,Alvarez, Pedro J., TBA TBA2-MAY-2018  7:00PM - 10:00PM W TBA TBANo Final Exam,1 TO 12
24276,CEVE 499 002,Full Term,SPECIAL TOPICS,Bedient, Philip B., TBA TBA2-MAY-2018  7:00PM - 10:00PM W TBA TBANo Final Exam,1 TO 12
24278,CEVE 499 003,Full Term,SPECIAL TOPICS,Blackburn, James B., TBA TBA2-MAY-2018  7:00PM - 10:00PM W TBA TBANo Final Exam,1 TO 12
24259,CEVE 499 004,Full Term,SPECIAL TOPICS,Cannady, William T.,3:00PM - 5:30PM R TBA TBA30-APR-2018  2:00PM - 5:00PM M TBA TBANo Final Exam,1 TO 12
24282,CEVE 499 009,Full Term,SPECIAL TOPICS,Nagarajaiah, Satish, TBA TBANo Final Exam,1 TO 12
25457,CEVE 499 017,Full Term,SPECIAL TOPICS,Loyo Rosales, Jorge E., TBA TBA2-MAY-2018  7:00PM - 10:00PM W TBA TBANo Final Exam,1 TO 12
20312,CEVE 500 001,Full Term,ADV MECHANICS OF MATERIALS,Stanciulescu, Ilinca,4:00PM - 5:15PM MW RYN 201GR Course-Dept Schedules Exam,3
24783,CEVE 504 001,Full Term,ATMOSPHERIC PARTICULATE MATTER,Griffin, Robert J.,10:00AM - 10:50AM MWF KCK 101GR Course-Dept Schedules Exam,3
22082,CEVE 507 001,Full Term,ENERGY AND THE ENVIRONMENT,Cohan, Daniel S.,9:25AM - 10:40AM TR RZR 119GR Course-Dept Schedules Exam,3
21284,CEVE 509 001,Full Term,HYDROLOGY & WATER RESOUCES ENG,Bedient, Philip B.,10:50AM - 12:05PM TR MEL 25126-APR-2018  9:00AM - 12:00PM R TBA TBAGR Course-Dept Schedules Exam,3
20543,CEVE 518 001,Full Term,CONTAMINANT HYDROGEOLOGY,de Blanc, Phillip C.,1:00PM - 2:15PM TR MEL 254GR Course-Dept Schedules Exam,3
24784,CEVE 535 001,Full Term,PHYS CHEM PROC WATER QUAL CTRL,Li, Qilin,9:25AM - 10:40AM TR KCK 107GR Course-Dept Schedules Exam,3
20110,CEVE 536 001,Full Term,ENVIRONMENTAL BIOTECHNOLOGY,Alvarez, Pedro J.,8:30AM - 9:50AM MWF MEL 254GR Course-Dept Schedules Exam,3
22087,CEVE 538 001,Full Term,COMPUTATIONAL NANOSCIENCE,Shahsavari, Rouzbeh,6:30PM - 7:45PM TR KCK 105GR Course-Dept Schedules Exam,3
24785,CEVE 540 001,Full Term,STEEL BUILDING DESIGN,Wilkerson, Steven M.,5:10PM - 6:25PM TR RYN 201GR Course-Dept Schedules Exam,3
22084,CEVE 550 001,Full Term,ENVIRONMENTAL ORGANIC CHEM,Tomson, Mason B.,1:00PM - 1:50PM MWF KCK 107GR Course-Dept Schedules Exam,3
22132,CEVE 555 001,Full Term,NUMERICAL METHODS FOR PDES,Scott, L R.,1:00PM - 2:15PM TR DCH 1042GR Course-Dept Schedules Exam,3
24323,CEVE 565 001,Full Term,NANOENVIRONMENTL ENGR-TEACHERS,Nichol, Carolyn A.,6:00PM - 9:00PM T BRK 101GR Course-Dept Schedules Exam,3
20113,CEVE 570 001,Full Term,FOUNDATION ENGINEERING,Stevens, Robert F.,4:00PM - 5:15PM MF HBH 453GR Course-Dept Schedules Exam,3
25375,CEVE 590 001,Full Term,MCEE SPECIAL STUDY,Nagarajaiah, Satish, TBA TBAGR Course-Dept Schedules Exam,2 TO 3
25408,CEVE 590 003,Full Term,MCEE SPECIAL STUDY,Stadler, Lauren B., TBA TBAGR Course-Dept Schedules Exam,2 TO 3
25526,CEVE 590 012,Full Term,MCEE SPECIAL STUDY,Stevens, Robert F., TBA TBAGR Course-Dept Schedules Exam,2 TO 3
25552,CEVE 599 001,Full Term,SPECIAL TOPICS,Spanos, Pol D., TBA TBAGR Course-Dept Schedules Exam,1 TO 3
20114,CEVE 602 001,Full Term,SEMINAR,Stanciulescu, IlincaStadler, Lauren B.,2:00PM - 2:50PM F MEB 128GR Course-Dept Schedules Exam,1
25455,CEVE 603 001,Full Term,NEWT CORE COURSE,Loyo Rosales, Jorge E.,1:30PM - 2:30PM M MEL 253GR Course-Dept Schedules Exam,1
22661,CEVE 635 001,Full Term,ADV TOPICS: WATER CHEMISTRY,Tomson, Mason B., TBA TBAGR Course-Dept Schedules Exam,1 TO 12
22294,CEVE 652 002,Full Term,M.S. RESEARCH AND THESIS,Bedient, Philip B., TBA TBAGR Course-Dept Schedules Exam,1 TO 15
22296,CEVE 652 007,Full Term,M.S. RESEARCH AND THESIS,Nagarajaiah, Satish, TBA TBAGR Course-Dept Schedules Exam,1 TO 15
23957,CEVE 652 011,Full Term,M.S. RESEARCH AND THESIS,Griffin, Robert J., TBA TBAGR Course-Dept Schedules Exam,1 TO 15
20116,CEVE 801 001,Full Term,PHD RESEARCH AND THESIS,Alvarez, Pedro J., TBA TBAGR Course-Dept Schedules Exam,1 TO 15
22298,CEVE 801 002,Full Term,PHD RESEARCH AND THESIS,Bedient, Philip B., TBA TBAGR Course-Dept Schedules Exam,1 TO 15
22299,CEVE 801 003,Full Term,PHD RESEARCH AND THESIS,Cohan, Daniel S., TBA TBAGR Course-Dept Schedules Exam,1 TO 15
22300,CEVE 801 004,Full Term,PHD RESEARCH AND THESIS,Duenas Osorio, Leonardo A., TBA TBAGR Course-Dept Schedules Exam,1 TO 15
22301,CEVE 801 005,Full Term,PHD RESEARCH AND THESIS,Griffin, Robert J., TBA TBAGR Course-Dept Schedules Exam,1 TO 15
22302,CEVE 801 006,Full Term,PHD RESEARCH AND THESIS,Li, Qilin, TBA TBAGR Course-Dept Schedules Exam,1 TO 15
22303,CEVE 801 007,Full Term,PHD RESEARCH AND THESIS,Nagarajaiah, Satish, TBA TBAGR Course-Dept Schedules Exam,1 TO 15
22304,CEVE 801 008,Full Term,PHD RESEARCH AND THESIS,Padgett, Jamie, TBA TBAGR Course-Dept Schedules Exam,1 TO 15
22305,CEVE 801 009,Full Term,PHD RESEARCH AND THESIS,Shahsavari, Rouzbeh, TBA TBAGR Course-Dept Schedules Exam,1 TO 15
22306,CEVE 801 010,Full Term,PHD RESEARCH AND THESIS,Stanciulescu, Ilinca, TBA TBAGR Course-Dept Schedules Exam,1 TO 15
22307,CEVE 801 011,Full Term,PHD RESEARCH AND THESIS,Tomson, Mason B., TBA TBAGR Course-Dept Schedules Exam,1 TO 15
23958,CEVE 801 012,Full Term,PHD RESEARCH AND THESIS,Stadler, Lauren B., TBA TBAGR Course-Dept Schedules Exam,1 TO 15
23959,CEVE 801 013,Full Term,PHD RESEARCH AND THESIS,Wong, Michael S., TBA TBAGR Course-Dept Schedules Exam,1 TO 15
25108,CEVE 801 014,Full Term,PHD RESEARCH AND THESIS,DesRoches, Reginald, TBA TBAGR Course-Dept Schedules Exam,1 TO 15
25474,CHBE 007 001,1st Half of Full Term,VISITING RESEARCH,Vargas Arreola, Francisco M., TBA TBANo Final Exam,0
25475,CHBE 007 002,2nd Half of Full Term,VISITING RESEARCH,Vargas Arreola, Francisco M., TBA TBA2-MAY-2018  7:00PM - 10:00PM W TBA TBANo Final Exam,0
20265,CHBE 305 001,Full Term,COMP METHODS CHEMICAL ENGIN,Zygourakis, Kyriacos,10:00AM - 10:50AM MWF DCH 107030-APR-2018  9:00AM - 12:00PM M TBA TBAScheduled Final Exam-OTR Room,3
20336,CHBE 310 001,Full Term,INTRO BIOMOLECULAR ENGINEERING,Segatori, LauraSenftle, Margaret N.,9:25AM - 10:40AM TR KCK 10228-APR-2018  9:00AM - 12:00PM S TBA TBAScheduled Final Exam-OTR Room,3
21274,CHBE 310 002,Full Term,INTRO BIOMOLECULAR ENGINEERING,Segatori, LauraSenftle, Margaret N.,10:50AM - 12:05PM TR KCK 10726-APR-2018  9:00AM - 12:00PM R TBA TBAScheduled Final Exam-OTR Room,3
20876,CHBE 343 001,Full Term,CHEMICAL ENGINEERING LAB I,Doherty, Rocio H.,1:00PM - 2:30PM M HRZ 2121:00PM - 4:00PM T TBA TBA1-MAY-2018  9:00AM - 12:00PM T TBA TBAScheduled Final Exam-Dept Room,3
25109,CHBE 343 002,Full Term,CHEMICAL ENGINEERING LAB I,Doherty, Rocio H.,1:00PM - 2:30PM M HRZ 2121:00PM - 4:00PM W TBA TBA1-MAY-2018  9:00AM - 12:00PM T TBA TBAScheduled Final Exam-Dept Room,3
25110,CHBE 343 003,Full Term,CHEMICAL ENGINEERING LAB I,Doherty, Rocio H.,1:00PM - 2:30PM M HRZ 2121:00PM - 4:00PM R TBA TBA1-MAY-2018  9:00AM - 12:00PM T TBA TBAScheduled Final Exam-Dept Room,3
21271,CHBE 350 001,Full Term,PROCESS SAFETY,Cox, Kenneth R.Perez, John T.,2:00PM - 2:50PM F DCH 107028-APR-2018  2:00PM - 5:00PM S TBA TBAScheduled Final Exam-OTR Room,1
21449,CHBE 402 002,Full Term,TRANSPORT PHENOMENA II,Verduzco, RafaelCokar, Marya,11:00AM - 11:50AM MWF ANH 11725-APR-2018  9:00AM - 12:00PM W TBA TBAScheduled Final Exam-OTR Room,3
20267,CHBE 404 001,Full Term,CHEMICAL ENGINEERING DESIGN,Cox, Kenneth R.,10:50AM - 12:05PM TR KCK 10226-APR-2018  9:00AM - 12:00PM R TBA TBAScheduled Final Exam-Dept Room,4
25360,CHBE 404 002,Full Term,CHEMICAL ENGINEERING DESIGN,Cox, Kenneth R.,8:00AM - 9:15AM TR AEL A1211-MAY-2018  7:00PM - 10:00PM T TBA TBAScheduled Final Exam-Dept Room,4
20674,CHBE 412 001,Full Term,THERMODYNAMICS II,Chapman, Walter G.Vargas Arreola, Francisco M.,10:00AM - 10:50AM MWF HRZ 21230-APR-2018  9:00AM - 12:00PM M TBA TBAScheduled Final Exam-OTR Room,3
25419,CHBE 416 001,Full Term,PROPERTIES OF SOFT MATERIALS,Thomas, Edwin L.,3:00PM - 3:50PM MWF GRB W211Scheduled Final Exam-OTR Room,3
24892,CHBE 443 001,Full Term,CHEMICAL ENGINEERING LAB II,Tavakkoli, Mohammad,6:30PM - 9:00PM M HRZ 2106:30PM - 9:00PM T AEL B1142-MAY-2018  2:00PM - 5:00PM W TBA TBANo Final Exam,3
25305,CHBE 450 001,Full Term,PETRO PHASE BEHAV & FLOW ASSUR,Vargas Arreola, Francisco M.Chapman, Walter G.,4:00PM - 5:15PM MW DCH 107528-APR-2018  7:00PM - 10:00PM S TBA TBAScheduled Final Exam-OTR Room,3
22619,CHBE 465 001,Full Term,STAT PHY W/MOL NANOSCI & TECH,Robert, Marc A.,8:30AM - 9:45AM MW MEL 251No Final Exam,3
24335,CHBE 490 001,Full Term,CHEM CAR ENG AND DESIGN,Verduzco, Rafael,4:00PM - 5:15PM TR KCK 10527-APR-2018  2:00PM - 5:00PM F TBA TBANo Final Exam,3
21662,CHBE 495 001,Full Term,SPECIAL TOPICS,Biswal, Sibani L., TBA TBA2-MAY-2018  7:00PM - 10:00PM W TBA TBAScheduled Final Exam-Dept Room,1 TO 6
21663,CHBE 495 002,Full Term,SPECIAL TOPICS,Chapman, Walter G., TBA TBANo Final Exam,1 TO 6
21664,CHBE 495 003,Full Term,SPECIAL TOPICS,Cox, Kenneth R., TBA TBANo Final Exam,1 TO 6
21687,CHBE 495 004,Full Term,SPECIAL TOPICS,Gonzalez, Ramon, TBA TBA2-MAY-2018  7:00PM - 10:00PM W TBA TBANo Final Exam,1 TO 6
21688,CHBE 495 005,Full Term,SPECIAL TOPICS,Hirasaki, George J., TBA TBANo Final Exam,1 TO 6
21690,CHBE 495 007,Full Term,SPECIAL TOPICS,Pasquali, Matteo, TBA TBA2-MAY-2018  7:00PM - 10:00PM W TBA TBANo Final Exam,1 TO 6
21691,CHBE 495 008,Full Term,SPECIAL TOPICS,Robert, Marc A., TBA TBANo Final Exam,1 TO 6
21692,CHBE 495 009,Full Term,SPECIAL TOPICS,Segatori, Laura, TBA TBANo Final Exam,1 TO 6
21693,CHBE 495 010,Full Term,SPECIAL TOPICS,Vargas Arreola, Francisco M., TBA TBA2-MAY-2018  7:00PM - 10:00PM W TBA TBANo Final Exam,1 TO 6
21694,CHBE 495 011,Full Term,SPECIAL TOPICS,Verduzco, Rafael, TBA TBA2-MAY-2018  7:00PM - 10:00PM W TBA TBANo Final Exam,1 TO 6
21695,CHBE 495 012,Full Term,SPECIAL TOPICS,Wong, Michael S., TBA TBANo Final Exam,1 TO 6
21926,CHBE 495 013,Full Term,SPECIAL TOPICS,Zygourakis, Kyriacos, TBA TBANo Final Exam,1 TO 6
21927,CHBE 495 015,Full Term,SPECIAL TOPICS,San, Ka-Yiu, TBA TBANo Final Exam,1 TO 6
23504,CHBE 495 016,Full Term,SPECIAL TOPICS,MacKintosh, Frederick C., TBA TBAScheduled Final Exam-Dept Room,1 TO 6
24360,CHBE 495 017,Full Term,SPECIAL TOPICS,Senftle, Thomas P., TBA TBA2-MAY-2018  7:00PM - 10:00PM W TBA TBAScheduled Final Exam-Dept Room,1 TO 6
25470,CHBE 495 018,Full Term,SPECIAL TOPICS,Gao, Xue, TBA TBA2-MAY-2018  7:00PM - 10:00PM W TBA TBAScheduled Final Exam-Dept Room,1 TO 6
25478,CHBE 495 019,Full Term,SPECIAL TOPICS,Doherty, Rocio H., TBA TBAScheduled Final Exam-Dept Room,1 TO 6
21037,CHBE 499 001,Full Term,UNDERGRADUATE RESEARCH,Robert, Marc A., TBA TBA2-MAY-2018  7:00PM - 10:00PM W TBA TBANo Final Exam,1 TO 3
25420,CHBE 516 001,Full Term,PROPERTIES OF SOFT MATERIALS,Thomas, Edwin L.,3:00PM - 3:50PM MWF GRB W2111-MAY-2018  2:00PM - 5:00PM T TBA TBAGR Course-Dept Schedules Exam,3
25306,CHBE 550 001,Full Term,PETRO PHASE BEHAV & FLOW ASSUR,Vargas Arreola, Francisco M.Chapman, Walter G.,4:00PM - 5:15PM MW DCH 1075GR Course-Dept Schedules Exam,3
24893,CHBE 560 001,Full Term,COLLOIDAL & INTERFACIAL PHENOM,Biswal, Sibani L.,4:00PM - 5:15PM TR KCK 101GR Course-Dept Schedules Exam,3
22620,CHBE 565 001,Full Term,STAT PHY W/MOL NANOSCI & TECH,Robert, Marc A.,8:30AM - 9:45AM MW MEL 251GR Course-Dept Schedules Exam,3
20268,CHBE 602 001,Full Term,PHYSICO-CHEMICAL HYDRODYNAMICS,MacKintosh, Frederick C.,10:50AM - 12:05PM TR BRC 286GR Course-Dept Schedules Exam,3
20643,CHBE 605 001,Full Term,TEACHING ASSISTANT,Segatori, Laura, TBA TBAGR Course-Dept Schedules Exam,1
20644,CHBE 606 001,Full Term,DEAN'S TEACHING ASSISTANT,Segatori, Laura, TBA TBAGR Course-Dept Schedules Exam,1
22621,CHBE 611 003,Full Term,ADVANCED TOPICS-THERMODYNAMICS,Asthagiri, Dilipkumar N.,8:00AM - 9:15AM TR DCH 1046GR Course-Dept Schedules Exam,3
20796,CHBE 620 001,Full Term,TISSUE ENGINEERING,Mikos, Antonios G.,11:00AM - 12:15PM MWF BRC 284GR Course-Dept Schedules Exam,3
20269,CHBE 662 001,Full Term,GRADUATE SEMINAR,Vargas Arreola, Francisco M.,2:30PM - 3:50PM R HRZ 210GR Course-Dept Schedules Exam,1
24895,CHBE 671 001,Full Term,FLOW&TRANSPORT POROUS MEDIA II,Hirasaki, George J.,4:00PM - 5:29PM MW AEL B209GR Course-Dept Schedules Exam,3
25321,CHBE 677 001,Full Term,BIOINNOVATION/ENTREPRENEURSHIP,Gonzalez, Ramon,2:00PM - 4:30PM W HRZ 211GR Course-Dept Schedules Exam,3
21560,CHBE 695 001,Full Term,MCHE INDEPENDENT STUDY,Asthagiri, Dilipkumar N., TBA TBAGR Course-Dept Schedules Exam,1 TO 3
20675,CHBE 700 001,Full Term,M.S. RESEARCH AND THESIS,Wong, Michael S., TBA TBAGR Course-Dept Schedules Exam,1 TO 15
23509,CHBE 700 002,Full Term,M.S. RESEARCH AND THESIS,Vargas Arreola, Francisco M., TBA TBAGR Course-Dept Schedules Exam,1 TO 15
23510,CHBE 700 003,Full Term,M.S. RESEARCH AND THESIS,Biswal, Sibani L., TBA TBAGR Course-Dept Schedules Exam,1 TO 15
25073,CHBE 700 004,Full Term,M.S. RESEARCH AND THESIS,Zygourakis, Kyriacos, TBA TBAGR Course-Dept Schedules Exam,1 TO 15
25436,CHBE 700 005,Full Term,M.S. RESEARCH AND THESIS,Verduzco, Rafael, TBA TBAGR Course-Dept Schedules Exam,1 TO 15
20270,CHBE 800 001,Full Term,GRADUATE RESEARCH,Biswal, Sibani L., TBA TBAGR Course-Dept Schedules Exam,1 TO 15
23511,CHBE 800 002,Full Term,GRADUATE RESEARCH,Chapman, Walter G., TBA TBAGR Course-Dept Schedules Exam,1 TO 15
23512,CHBE 800 003,Full Term,GRADUATE RESEARCH,Gonzalez, Ramon, TBA TBAGR Course-Dept Schedules Exam,1 TO 15
23513,CHBE 800 004,Full Term,GRADUATE RESEARCH,Hirasaki, George J., TBA TBAGR Course-Dept Schedules Exam,1 TO 15
23515,CHBE 800 006,Full Term,GRADUATE RESEARCH,Pasquali, Matteo, TBA TBAGR Course-Dept Schedules Exam,1 TO 15
23516,CHBE 800 007,Full Term,GRADUATE RESEARCH,Segatori, Laura, TBA TBAGR Course-Dept Schedules Exam,1 TO 15
23517,CHBE 800 008,Full Term,GRADUATE RESEARCH,Vargas Arreola, Francisco M., TBA TBAGR Course-Dept Schedules Exam,1 TO 15
23518,CHBE 800 009,Full Term,GRADUATE RESEARCH,Verduzco, Rafael, TBA TBAGR Course-Dept Schedules Exam,1 TO 15
23519,CHBE 800 010,Full Term,GRADUATE RESEARCH,Wong, Michael S., TBA TBAGR Course-Dept Schedules Exam,1 TO 15
23520,CHBE 800 011,Full Term,GRADUATE RESEARCH,Zygourakis, Kyriacos, TBA TBAGR Course-Dept Schedules Exam,1 TO 15
23521,CHBE 800 012,Full Term,GRADUATE RESEARCH,Clementi, Cecilia, TBA TBAGR Course-Dept Schedules Exam,1 TO 15
23522,CHBE 800 013,Full Term,GRADUATE RESEARCH,Kolomeisky, Anatoly B., TBA TBAGR Course-Dept Schedules Exam,1 TO 15
23523,CHBE 800 014,Full Term,GRADUATE RESEARCH,Suh, Junghae, TBA TBAGR Course-Dept Schedules Exam,1 TO 15
23524,CHBE 800 015,Full Term,GRADUATE RESEARCH,MacKintosh, Frederick C., TBA TBAGR Course-Dept Schedules Exam,1 TO 15
24896,CHBE 800 016,Full Term,GRADUATE RESEARCH,Senftle, Thomas P., TBA TBAGR Course-Dept Schedules Exam,1 TO 15
24897,CHBE 800 017,Full Term,GRADUATE RESEARCH,Gao, Xue, TBA TBAGR Course-Dept Schedules Exam,1 TO 15
24989,COMP 140 001,Full Term,COMPUTATIONAL THINKING,Greiner, John D.,2:30PM - 3:45PM TR BRK 10130-APR-2018  2:00PM - 5:00PM M TBA TBAScheduled Final Exam-OTR Room,4
20425,COMP 182 001,Full Term,ALGORITHMIC THINKING,Nakhleh, LuayBurke, Michael G.,10:50AM - 12:05PM TR HRZ AMP11:00AM - 12:15PM F BRK 10126-APR-2018  9:00AM - 12:00PM R TBA TBAScheduled Final Exam-OTR Room,4
21510,COMP 182 002,Full Term,ALGORITHMIC THINKING,Nakhleh, LuayBurke, Michael G.,10:50AM - 12:05PM TR HRZ AMP2:00PM - 3:15PM F BRK 10126-APR-2018  9:00AM - 12:00PM R TBA TBAScheduled Final Exam-OTR Room,4
20157,COMP 290 001,Full Term,COMPUTER SCIENCE PROJECTS,Wong, Stephen B., TBA TBANo Final Exam,1 TO 3
23251,COMP 290 002,Full Term,COMPUTER SCIENCE PROJECTS,Wallach, Dan S., TBA TBANo Final Exam,1 TO 3
24344,COMP 290 003,Full Term,COMPUTER SCIENCE PROJECTS,Ng, Tze Sing E., TBA TBANo Final Exam,1 TO 3
24417,COMP 290 004,Full Term,COMPUTER SCIENCE PROJECTS,Kavraki, Lydia E., TBA TBANo Final Exam,1 TO 3
23948,COMP 310 001,Full Term,ADV OBJECT-ORIENTED PROG,Wong, Stephen B.,10:00AM - 10:50AM MWF RYN 2011:00PM - 2:15PM T TBA TBA30-APR-2018  9:00AM - 12:00PM M TBA TBAScheduled Final Exam-OTR Room,4
21256,COMP 321 001,Full Term,INTRO TO COMPUTER SYSTEMS,Cox, Alan L.Fagan, Michael,2:30PM - 3:45PM TR KCK 1004:00PM - 5:30PM T DCH Sym II Lab30-APR-2018  2:00PM - 5:00PM M TBA TBATake-Home Exam,4
21465,COMP 321 002,Full Term,INTRO TO COMPUTER SYSTEMS,Cox, Alan L.Fagan, Michael,2:30PM - 3:45PM TR KCK 1003:00PM - 4:30PM W DCH Sym II Lab30-APR-2018  2:00PM - 5:00PM M TBA TBATake-Home Exam,4
22615,COMP 321 003,Full Term,INTRO TO COMPUTER SYSTEMS,Cox, Alan L.Fagan, Michael,2:30PM - 3:45PM TR KCK 1004:00PM - 5:30PM M DCH Sym II Lab30-APR-2018  2:00PM - 5:00PM M TBA TBATake-Home Exam,4
20444,COMP 322 001,Full Term,FUNDAMENTALS OF PARALLEL PROG,Joyner, Mackale R.Budimlic, Zoran,1:00PM - 1:50PM MWF SEW 3014:00PM - 4:50PM R SEW 3011-MAY-2018  9:00AM - 12:00PM T TBA TBAScheduled Final Exam-OTR Room,4
20158,COMP 390 001,Full Term,COMPUTER SCIENCE PROJECTS,Patel, Ankit B., TBA TBA2-MAY-2018  7:00PM - 10:00PM W TBA TBAScheduled Final Exam-OTR Room,1 TO 3
23249,COMP 390 002,Full Term,COMPUTER SCIENCE PROJECTS,Kavraki, Lydia E., TBA TBA2-MAY-2018  7:00PM - 10:00PM W TBA TBAScheduled Final Exam-OTR Room,1 TO 3
23250,COMP 390 003,Full Term,COMPUTER SCIENCE PROJECTS,Subramanian, Devika, TBA TBA2-MAY-2018  7:00PM - 10:00PM W TBA TBAScheduled Final Exam-OTR Room,1 TO 3
25370,COMP 390 004,Full Term,COMPUTER SCIENCE PROJECTS,Lieberman-Aiden, Erez, TBA TBA2-MAY-2018  7:00PM - 10:00PM W TBA TBAScheduled Final Exam-Dept Room,1 TO 3
25540,COMP 390 005,Full Term,COMPUTER SCIENCE PROJECTS,Nakhleh, Luay, TBA TBA2-MAY-2018  7:00PM - 10:00PM W TBA TBAScheduled Final Exam-Dept Room,1 TO 3
25311,COMP 403 001,Full Term,REASONING ABOUT SOFTWARE,Chaudhuri, Swarat,10:00AM - 10:50AM MWF DCH 104630-APR-2018  9:00AM - 12:00PM M TBA TBAScheduled Final Exam-OTR Room,3
21255,COMP 410 001,Full Term,SOFTWARE ENGINEER METHODOLOGY,Wong, Stephen B.Joyner, Mackale R.,3:00PM - 3:50PM MWF DCH 10701-MAY-2018  2:00PM - 5:00PM T TBA TBAScheduled Final Exam-OTR Room,4
20988,COMP 411 001,Full Term,PRINCIPLES OF PROG LANGUAGES,Cartwright, Robert S.,1:00PM - 1:50PM MWF DCH 10701-MAY-2018  9:00AM - 12:00PM T TBA TBAScheduled Final Exam-OTR Room,4
20159,COMP 421 001,Full Term,OP SYS/CONCURRENT PROGRAMMING,Johnson, David B.,2:30PM - 3:45PM TR HRG 10030-APR-2018  2:00PM - 5:00PM M TBA TBAScheduled Final Exam-OTR Room,4
21500,COMP 427 001,Full Term,INTRO TO COMPUTER SECURITY,Wallach, Dan S.,10:50AM - 12:05PM TR DCH 107026-APR-2018  9:00AM - 12:00PM R TBA TBAScheduled Final Exam-OTR Room,3
20665,COMP 430 001,Full Term,INTRO TO DATABASE SYSTEMS,Greiner, John D.,2:00PM - 2:50PM MWF DCH 106428-APR-2018  2:00PM - 5:00PM S TBA TBAScheduled Final Exam-OTR Room,4
25414,COMP 447 001,Full Term,INTRO TO COMPUTER VISION,Veeraraghavan, Ashok,4:00PM - 5:15PM TR HRZ 21027-APR-2018  2:00PM - 5:00PM F TBA TBATake-Home Exam,3
20524,COMP 460 001,Full Term,ADV COMPUTER GRAPHICS,Warren, Joe D.,2:00PM - 3:50PM M DCH Sym II Lab2:00PM - 2:50PM WF DCH Sym II Lab28-APR-2018  2:00PM - 5:00PM S TBA TBAScheduled Final Exam-OTR Room,4
21490,COMP 481 001,Full Term,AUTOMATA/FORMAL LANG/COMPUTING,Burke, Michael G.,2:30PM - 3:45PM TR KCK 10730-APR-2018  2:00PM - 5:00PM M TBA TBAScheduled Final Exam-OTR Room,3
24885,COMP 486 001,Full Term,FUND MEDICAL IMAGING II,Mawlawi, Osama,4:00PM - 6:50PM R BRC 285Take-Home Exam,3
20161,COMP 490 001,Full Term,COMPUTER SCIENCE PROJECTS,Nakhleh, Luay, TBA TBA2-MAY-2018  7:00PM - 10:00PM W TBA TBANo Final Exam,1 TO 4
23940,COMP 490 002,Full Term,COMPUTER SCIENCE PROJECTS,Sarkar, Vivek, TBA TBANo Final Exam,1 TO 4
25512,COMP 490 003,Full Term,COMPUTER SCIENCE PROJECTS,Lieberman-Aiden, Erez, TBA TBAScheduled Final Exam-Dept Room,1 TO 4
25531,COMP 490 004,Full Term,COMPUTER SCIENCE PROJECTS,Cox, Alan L., TBA TBA2-MAY-2018  7:00PM - 10:00PM W TBA TBAScheduled Final Exam-Dept Room,1 TO 4
20162,COMP 491 001,Full Term,COMPUTER SCIENCE TEACHING,Cox, Alan L., TBA TBA2-MAY-2018  7:00PM - 10:00PM W TBA TBANo Final Exam,3
24937,COMP 498 001,Full Term,INTRODUCTION TO ROBOTICS,O'Malley, Marcia K.,1:00PM - 2:15PM TR KWG 10027-APR-2018  9:00AM - 12:00PM F TBA TBATake-Home Exam,3
22532,COMP 502 001,Full Term,NEURAL MACHINE LEARNING I,Merenyi, Erzsebet,2:30PM - 3:45PM TR DCH 1064GR Course-Dept Schedules Exam,3
25318,COMP 503 001,Full Term,REASONING ABOUT SOFTWARE,Chaudhuri, Swarat,10:00AM - 10:50AM MWF DCH 104630-APR-2018  9:00AM - 12:00PM M TBA TBAGR Course-Dept Schedules Exam,3
21779,COMP 506 001,Full Term,COMPILER CONSTRUCTION - GR,Cooper, Keith D.,10:50AM - 12:05PM TR RYN 201GR Course-Dept Schedules Exam,4
22511,COMP 511 001,Full Term,PRINCIPLES OF PROG LANGUAGES,Cartwright, Robert S.,1:00PM - 1:50PM MWF DCH 10701-MAY-2018  9:00AM - 12:00PM T TBA TBAGR Course-Dept Schedules Exam,4
21558,COMP 513 001,Full Term,COMPLEXITY IN MODERN SYSTEMS,Zhong, Lin,12:20PM - 2:50PM W AEL A121GR Course-Dept Schedules Exam,3
22514,COMP 521 001,Full Term,OP SYS/CONCURRENT PROGRAMMING,Johnson, David B.,2:30PM - 3:45PM TR HRG 10030-APR-2018  2:00PM - 5:00PM M TBA TBAGR Course-Dept Schedules Exam,4
20781,COMP 526 001,Full Term,HIGH PERFORM COMPUTER ARCH,Varman, Peter J.,9:25AM - 10:40AM TR DCH 1042GR Course-Dept Schedules Exam,3
22442,COMP 528 001,Full Term,INTRODUCTION TO VIRTUALIZATION,Rixner, Scott,1:00PM - 2:15PM TR DCH 1075GR Course-Dept Schedules Exam,3
20989,COMP 529 001,Full Term,ADVANCED COMPUTER NETWORKS,Ng, Tze Sing E.,10:50AM - 12:05PM TR DCH 1042GR Course-Dept Schedules Exam,4
22432,COMP 530 001,Full Term,DATABASE SYSTEM IMPLEMENTATION,Jermaine, Christopher M.,11:00AM - 11:50AM MWF RYN 201GR Course-Dept Schedules Exam,3 TO 4
23950,COMP 533 001,Full Term,INTRO TO DATABASE SYSTEMS,Myers, Risa B.,4:00PM - 5:15PM TR KCK 100GR Course-Dept Schedules Exam,4
25496,COMP 535 002,Full Term,APPROX COMP SYS FOR BIG DATA,Palem, Krishna V.Cartwright, Robert S.,3:00PM - 3:50PM MWF DCH 1042GR Course-Dept Schedules Exam,4
22513,COMP 539 001,Full Term,SOFTWARE ENGINEER METHODOLOGY,Wong, Stephen B.Joyner, Mackale R.,3:00PM - 3:50PM MWF DCH 10701-MAY-2018  2:00PM - 5:00PM T TBA TBAGR Course-Dept Schedules Exam,4
20991,COMP 540 001,Full Term,STATISTICAL MACHINE LEARNING,Subramanian, Devika,10:00AM - 10:50AM MWF SEW 301GR Course-Dept Schedules Exam,4
22516,COMP 541 001,Full Term,INTRO TO COMPUTER SECURITY,Wallach, Dan S.,10:50AM - 12:05PM TR DCH 107026-APR-2018  9:00AM - 12:00PM R TBA TBAGR Course-Dept Schedules Exam,3
25317,COMP 543 001,Full Term,GR TOOLS & MODELS - DATA SCI,Myers, Risa B.Jermaine, Christopher M.,1:00PM - 1:50PM MWF DCH 1075GR Course-Dept Schedules Exam,3
24211,COMP 546 001,Full Term,INTRO TO COMPUTER VISION,Veeraraghavan, Ashok,4:00PM - 5:15PM TR HRZ 21027-APR-2018  2:00PM - 5:00PM F TBA TBAGR Course-Dept Schedules Exam,3
25072,COMP 573 001,Full Term,BIOMEDICAL INFORMATICS,Kavraki, Lydia E.,1:00PM - 2:15PM TR KCK 105GR Course-Dept Schedules Exam,1 TO 3
22517,COMP 581 001,Full Term,AUTOMATA/FORMAL LANG/COMPUTING,Burke, Michael G.,2:30PM - 3:45PM TR KCK 10730-APR-2018  2:00PM - 5:00PM M TBA TBAGR Course-Dept Schedules Exam,3
20487,COMP 590 001,Full Term,COMPUTER SCIENCE PROJECTS,Vardi, Moshe Y., TBA TBAGR Course-Dept Schedules Exam,1 TO 4
23254,COMP 590 002,Full Term,COMPUTER SCIENCE PROJECTS,Cartwright, Robert S., TBA TBAGR Course-Dept Schedules Exam,1 TO 4
23255,COMP 590 003,Full Term,COMPUTER SCIENCE PROJECTS,Goldman, Ronald N., TBA TBAGR Course-Dept Schedules Exam,1 TO 4
23256,COMP 590 004,Full Term,COMPUTER SCIENCE PROJECTS,Jermaine, Christopher M., TBA TBAGR Course-Dept Schedules Exam,1 TO 4
23257,COMP 590 005,Full Term,COMPUTER SCIENCE PROJECTS,Johnson, David B., TBA TBAGR Course-Dept Schedules Exam,1 TO 4
23258,COMP 590 006,Full Term,COMPUTER SCIENCE PROJECTS,Mellor-Crummey, John M., TBA TBAGR Course-Dept Schedules Exam,1 TO 4
23259,COMP 590 007,Full Term,COMPUTER SCIENCE PROJECTS,Nakhleh, Luay, TBA TBAGR Course-Dept Schedules Exam,1 TO 4
23260,COMP 590 008,Full Term,COMPUTER SCIENCE PROJECTS,Ng, Tze Sing E., TBA TBAGR Course-Dept Schedules Exam,1 TO 4
23261,COMP 590 009,Full Term,COMPUTER SCIENCE PROJECTS,Rixner, Scott, TBA TBAGR Course-Dept Schedules Exam,1 TO 4
23262,COMP 590 010,Full Term,COMPUTER SCIENCE PROJECTS,Palem, Krishna V., TBA TBAGR Course-Dept Schedules Exam,1 TO 4
23263,COMP 590 011,Full Term,COMPUTER SCIENCE PROJECTS,Shrivastava, Anshumali, TBA TBAGR Course-Dept Schedules Exam,1 TO 4
23264,COMP 590 012,Full Term,COMPUTER SCIENCE PROJECTS,Wallach, Dan S., TBA TBAGR Course-Dept Schedules Exam,1 TO 4
23265,COMP 590 013,Full Term,COMPUTER SCIENCE PROJECTS,Warren, Joe D., TBA TBAGR Course-Dept Schedules Exam,1 TO 4
24302,COMP 590 014,Full Term,COMPUTER SCIENCE PROJECTS,Kavraki, Lydia E., TBA TBAGR Course-Dept Schedules Exam,1 TO 4
24452,COMP 590 015,Full Term,COMPUTER SCIENCE PROJECTS,Wong, Stephen B., TBA TBAGR Course-Dept Schedules Exam,1 TO 4
24453,COMP 590 016,Full Term,COMPUTER SCIENCE PROJECTS,Subramanian, Devika, TBA TBAGR Course-Dept Schedules Exam,1 TO 4
25016,COMP 590 017,Full Term,COMPUTER SCIENCE PROJECTS,Byrne, Michael D., TBA TBAGR Course-Dept Schedules Exam,1 TO 4
25368,COMP 590 018,Full Term,COMPUTER SCIENCE PROJECTS,Chen, Ang, TBA TBAGR Course-Dept Schedules Exam,1 TO 4
25464,COMP 590 019,Full Term,COMPUTER SCIENCE PROJECTS,Budimlic, Zoran, TBA TBAGR Course-Dept Schedules Exam,1 TO 4
25535,COMP 590 020,Full Term,COMPUTER SCIENCE PROJECTS,Cox, Alan L., TBA TBAGR Course-Dept Schedules Exam,1 TO 4
25561,COMP 590 021,2nd Half of Full Term,COMPUTER SCIENCE PROJECTS,Patel, Ankit B., TBA TBAGR Course-Dept Schedules Exam,1 TO 4
25563,COMP 590 022,2nd Half of Full Term,COMPUTER SCIENCE PROJECTS,Simar, Ray, TBA TBAGR Course-Dept Schedules Exam,1 TO 4
24940,COMP 598 001,Full Term,INTRODUCTION TO ROBOTICS,O'Malley, Marcia K.,1:00PM - 2:15PM TR KWG 10027-APR-2018  9:00AM - 12:00PM F TBA TBAGR Course-Dept Schedules Exam,3
20310,COMP 600 001,Full Term,GRADUATE SEMINAR,Volz, Tracy M.,12:00PM - 12:50PM M DCH 1070GR Course-Dept Schedules Exam,1
24326,COMP 607 003,Full Term,AUTOMATED PROGRAM VERIFICATION,Vardi, Moshe Y.,3:00PM - 4:30PM MF DCH 1046GR Course-Dept Schedules Exam,1
25068,COMP 645 001,Full Term,ADV TOPICS IN DISTRIBUTED SYST,Chen, Ang,3:30PM - 5:00PM W KCK 105GR Course-Dept Schedules Exam,1 TO 3
20163,COMP 690 001,Full Term,RESEARCH AND THESIS,Sarkar, Vivek, TBA TBAGR Course-Dept Schedules Exam,1 TO 12
23252,COMP 690 002,Full Term,RESEARCH AND THESIS,Ng, Tze Sing E., TBA TBAGR Course-Dept Schedules Exam,1 TO 12
23253,COMP 690 003,Full Term,RESEARCH AND THESIS,Kavraki, Lydia E., TBA TBAGR Course-Dept Schedules Exam,1 TO 12
24410,COMP 690 004,Full Term,RESEARCH AND THESIS,Baraniuk, Richard G., TBA TBAGR Course-Dept Schedules Exam,1 TO 12
24457,COMP 690 005,Full Term,RESEARCH AND THESIS,Nakhleh, Luay, TBA TBAGR Course-Dept Schedules Exam,1 TO 12
25362,COMP 690 006,Full Term,RESEARCH AND THESIS,Vardi, Moshe Y., TBA TBAGR Course-Dept Schedules Exam,1 TO 12
20164,COMP 694 001,Full Term,HOW TO BE A CTO,Cutler, Scott E.,9:30AM - 11:00AM W DCH 2014GR Course-Dept Schedules Exam,3
20166,COMP 800 001,Full Term,GRADUATE RESEARCH,Palem, Krishna V., TBA TBAGR Course-Dept Schedules Exam,1 TO 15
23232,COMP 800 002,Full Term,GRADUATE RESEARCH,Cartwright, Robert S., TBA TBAGR Course-Dept Schedules Exam,1 TO 15
23233,COMP 800 003,Full Term,GRADUATE RESEARCH,Chaudhuri, Swarat, TBA TBAGR Course-Dept Schedules Exam,1 TO 15
23234,COMP 800 004,Full Term,GRADUATE RESEARCH,Cooper, Keith D., TBA TBAGR Course-Dept Schedules Exam,1 TO 15
23235,COMP 800 005,Full Term,GRADUATE RESEARCH,Cox, Alan L., TBA TBAGR Course-Dept Schedules Exam,1 TO 15
23236,COMP 800 006,Full Term,GRADUATE RESEARCH,Goldman, Ronald N., TBA TBAGR Course-Dept Schedules Exam,1 TO 15
23237,COMP 800 007,Full Term,GRADUATE RESEARCH,Jermaine, Christopher M., TBA TBAGR Course-Dept Schedules Exam,1 TO 15
23238,COMP 800 008,Full Term,GRADUATE RESEARCH,Johnson, David B., TBA TBAGR Course-Dept Schedules Exam,1 TO 15
23239,COMP 800 009,Full Term,GRADUATE RESEARCH,Kavraki, Lydia E., TBA TBAGR Course-Dept Schedules Exam,1 TO 15
23240,COMP 800 010,Full Term,GRADUATE RESEARCH,Mellor-Crummey, John M., TBA TBAGR Course-Dept Schedules Exam,1 TO 15
23241,COMP 800 011,Full Term,GRADUATE RESEARCH,Nakhleh, Luay, TBA TBAGR Course-Dept Schedules Exam,1 TO 15
23242,COMP 800 012,Full Term,GRADUATE RESEARCH,Ng, Tze Sing E., TBA TBAGR Course-Dept Schedules Exam,1 TO 15
23243,COMP 800 013,Full Term,GRADUATE RESEARCH,Rixner, Scott, TBA TBAGR Course-Dept Schedules Exam,1 TO 15
23244,COMP 800 014,Full Term,GRADUATE RESEARCH,Shrivastava, Anshumali, TBA TBAGR Course-Dept Schedules Exam,1 TO 15
23245,COMP 800 015,Full Term,GRADUATE RESEARCH,Vardi, Moshe Y., TBA TBAGR Course-Dept Schedules Exam,1 TO 15
23246,COMP 800 016,Full Term,GRADUATE RESEARCH,Wallach, Dan S., TBA TBAGR Course-Dept Schedules Exam,1 TO 15
23247,COMP 800 017,Full Term,GRADUATE RESEARCH,Warren, Joe D., TBA TBAGR Course-Dept Schedules Exam,1 TO 15
23248,COMP 800 018,Full Term,GRADUATE RESEARCH,Zhong, Lin, TBA TBAGR Course-Dept Schedules Exam,1 TO 15
25385,COMP 800 019,Full Term,GRADUATE RESEARCH,Varman, Peter J., TBA TBAGR Course-Dept Schedules Exam,1 TO 15
25437,COMP 800 020,Full Term,GRADUATE RESEARCH,Sarkar, Vivek, TBA TBAGR Course-Dept Schedules Exam,1 TO 15
25450,COMP 800 021,Full Term,GRADUATE RESEARCH,Subramanian, Devika, TBA TBAGR Course-Dept Schedules Exam,1 TO 15
25505,COMP 800 022,Full Term,GRADUATE RESEARCH,Budimlic, Zoran, TBA TBAGR Course-Dept Schedules Exam,1 TO 15
24021,ELEC 007 001,1st Half of Full Term,VISITING RESEARCH,Kono, Junichiro, TBA TBANo Final Exam,0
24878,ELEC 007 002,2nd Half of Full Term,VISITING RESEARCH,Kono, Junichiro, TBA TBA2-MAY-2018  7:00PM - 10:00PM W TBA TBANo Final Exam,0
25500,ELEC 220 001,Full Term,FUND COMPUTER ENGINEERING,Simar, Ray,9:25AM - 10:40AM TR DCH 10554:00PM - 5:50PM T BRK 10128-APR-2018  9:00AM - 12:00PM S TBA TBANo Final Exam,4
25501,ELEC 220 002,Full Term,FUND COMPUTER ENGINEERING,Simar, Ray,9:25AM - 10:40AM TR DCH 105511:00AM - 12:50PM W BRK 10128-APR-2018  9:00AM - 12:00PM S TBA TBANo Final Exam,4
25502,ELEC 220 003,Full Term,FUND COMPUTER ENGINEERING,Simar, Ray,9:25AM - 10:40AM TR DCH 10554:00PM - 5:50PM R BRK 10128-APR-2018  9:00AM - 12:00PM S TBA TBANo Final Exam,4
20140,ELEC 242 001,Full Term,FUND ELEC ENGINEERING II,Antoulas, Athanasios C.,11:00AM - 11:50AM MWF DCH 106425-APR-2018  9:00AM - 12:00PM W TBA TBANo Final Exam,3
20141,ELEC 243 001,Full Term,ELECTRONIC MEASUREMENT SYSTEMS,Ramachandran, Deepa P.,9:25AM - 10:40AM TR DCH 10642:30PM - 5:30PM T TBA TBA28-APR-2018  9:00AM - 12:00PM S TBA TBANo Final Exam,4
21492,ELEC 243 002,Full Term,ELECTRONIC MEASUREMENT SYSTEMS,Ramachandran, Deepa P.,9:25AM - 10:40AM TR DCH 10642:00PM - 5:00PM W TBA TBA28-APR-2018  9:00AM - 12:00PM S TBA TBANo Final Exam,4
21487,ELEC 244 001,Full Term,FUND ELEC ENGINEERING II LAB,Ramachandran, Deepa P.,2:00PM - 2:50PM M DCH 10702:30PM - 5:30PM R AEL A1411-MAY-2018  2:00PM - 5:00PM T TBA TBANo Final Exam,1
21488,ELEC 244 002,Full Term,FUND ELEC ENGINEERING II LAB,Ramachandran, Deepa P.,2:00PM - 2:50PM M DCH 10702:30PM - 5:30PM F AEL A1411-MAY-2018  2:00PM - 5:00PM T TBA TBANo Final Exam,1
20142,ELEC 262 001,Full Term,INTRO TO WAVES AND PHOTONICS,Noe, Gary T.,1:00PM - 1:50PM MW DBH 2101:00PM - 1:50PM F BRK 1031-MAY-2018  9:00AM - 12:00PM T TBA TBAScheduled Final Exam-OTR Room,3
21491,ELEC 302 001,Full Term,INTRODUCTION TO SYSTEMS,Antoulas, Athanasios C.,9:00AM - 9:50AM MWF DCH 104226-APR-2018  2:00PM - 5:00PM R TBA TBANo Final Exam,3
20443,ELEC 305 001,Full Term,INTRO PHYSICAL ELECTRONICS,Woods, Gary L.,10:00AM - 10:50AM MWF DCH 106430-APR-2018  9:00AM - 12:00PM M TBA TBATake-Home Exam,3
20447,ELEC 323 001,Full Term,FUNDAMENTALS OF PARALLEL PROG,Joyner, Mackale R.Budimlic, Zoran,1:00PM - 1:50PM MWF SEW 3014:00PM - 4:50PM R SEW 3011-MAY-2018  9:00AM - 12:00PM T TBA TBAScheduled Final Exam-OTR Room,4
20486,ELEC 327 001,Full Term,IMPLEMENTATION OF DIGITAL SYS,Kemere, Caleb T.,9:25AM - 10:40AM TR DCH 107528-APR-2018  9:00AM - 12:00PM S TBA TBANo Final Exam,3
23986,ELEC 332 001,Full Term,ELEC SYS PRINCIPLES & PRACTICE,Orchard, Michael T.,1:00PM - 2:15PM TR AEL B20927-APR-2018  9:00AM - 12:00PM F TBA TBANo Final Exam,3
24879,ELEC 361 001,Full Term,QUANTUM MECHANICS FOR ENGINEER,Bharadwaj, Palash,10:50AM - 12:05PM TR DCH 104626-APR-2018  9:00AM - 12:00PM R TBA TBAScheduled Final Exam-OTR Room,3
20527,ELEC 364 001,Full Term,PHOTONICS MEASUREMENTS,Noe, Gary T.,2:30PM - 3:45PM TR DBH 21430-APR-2018  2:00PM - 5:00PM M TBA TBANo Final Exam,3
24128,ELEC 382 001,Full Term,INTRO COMPUTATIONAL NEURSCI,Gabbiani, Fabrizio A.,2:00PM - 2:50PM MWF BKH 11628-APR-2018  2:00PM - 5:00PM S TBA TBATake-Home Exam,3
20149,ELEC 421 001,Full Term,OP SYS/CONCURRENT PROGRAMMING,Johnson, David B.,2:30PM - 3:45PM TR HRG 10030-APR-2018  2:00PM - 5:00PM M TBA TBAScheduled Final Exam-OTR Room,4
22042,ELEC 422 001,Full Term,VLSI SYSTEMS DESIGN,Cavallaro, Joseph,1:00PM - 2:15PM TR AEL A11627-APR-2018  9:00AM - 12:00PM F TBA TBATake-Home Exam,3
20150,ELEC 430 001,Full Term,DIGITAL COMMUNICATION,Sabharwal, Ashutosh,1:00PM - 3:30PM R AEL A12125-APR-2018  2:00PM - 5:00PM W TBA TBANo Final Exam,3
20151,ELEC 431 001,Full Term,DIGITAL SIGNAL PROCESSING,Orchard, Michael T.,11:00AM - 11:50AM MWF DCH 107025-APR-2018  9:00AM - 12:00PM W TBA TBAScheduled Final Exam-OTR Room,3
24880,ELEC 433 001,Full Term,ARCH - WIRELESS COMMUNICATIONS,Sabharwal, AshutoshShepard, Clayton W.,2:30PM - 5:00PM T AEL A1162-MAY-2018  9:00AM - 12:00PM W TBA TBAScheduled Final Exam-OTR Room,3
20152,ELEC 436 001,Full Term,FUNDAMENTALS OF CONTROL SYST,Ghorbel, Fathi H.,11:00AM - 11:50AM MWF HRZ 21025-APR-2018  9:00AM - 12:00PM W TBA TBAScheduled Final Exam-OTR Room,3
25092,ELEC 447 001,Full Term,INTRO TO COMPUTER VISION,Veeraraghavan, Ashok,4:00PM - 5:15PM TR HRZ 21027-APR-2018  2:00PM - 5:00PM F TBA TBATake-Home Exam,3
24881,ELEC 462 001,Full Term,OPTOELECTRONIC DEVICES,Naik, Gururaj V.,4:00PM - 5:15PM TR DCH 1046Scheduled Final Exam-OTR Room,3
22346,ELEC 475 001,Full Term,LEARNING FROM SENSOR DATA,Azhang, Behnam,9:25AM - 10:40AM TR DCH 107028-APR-2018  9:00AM - 12:00PM S TBA TBANo Final Exam,3
24883,ELEC 486 001,Full Term,FUND MEDICAL IMAGING II,Mawlawi, Osama,4:00PM - 6:50PM R BRC 28527-APR-2018  2:00PM - 5:00PM F TBA TBATake-Home Exam,3
22455,ELEC 489 001,Full Term,NEURAL COMPUTATION,Pitkow, Zachary S.,2:30PM - 3:45PM TR KCK 10130-APR-2018  2:00PM - 5:00PM M TBA TBANo Final Exam,3
20662,ELEC 490 001,Full Term,UG ELEC ENG'G RES PROJECTS,Cavallaro, Joseph, TBA TBA2-MAY-2018  7:00PM - 10:00PM W TBA TBANo Final Exam,1 TO 6
22044,ELEC 491 001,Full Term,UG ELEC ENG'G RESEARCH VIP,Cavallaro, Joseph, TBA TBA2-MAY-2018  7:00PM - 10:00PM W TBA TBANo Final Exam,1 TO 6
22046,ELEC 491 002,Full Term,UG ELEC ENG'G RESEARCH VIP,Woods, Gary L., TBA TBA2-MAY-2018  7:00PM - 10:00PM W TBA TBANo Final Exam,1 TO 6
22048,ELEC 491 003,Full Term,UG ELEC ENG'G RESEARCH VIP,Azhang, Behnam, TBA TBA2-MAY-2018  7:00PM - 10:00PM W TBA TBANo Final Exam,1 TO 6
22050,ELEC 491 004,Full Term,UG ELEC ENG'G RESEARCH VIP,Simar, Ray, TBA TBA2-MAY-2018  7:00PM - 10:00PM W TBA TBANo Final Exam,1 TO 6
22052,ELEC 491 005,Full Term,UG ELEC ENG'G RESEARCH VIP,Sabharwal, Ashutosh, TBA TBA2-MAY-2018  7:00PM - 10:00PM W TBA TBANo Final Exam,1 TO 6
24351,ELEC 491 006,Full Term,UG ELEC ENG'G RESEARCH VIP,Ghorbel, Fathi H., TBA TBANo Final Exam,1 TO 6
20153,ELEC 494 001,Full Term,SENIOR DESIGN,Woods, Gary L.,8:30AM - 9:50AM MW HRG 10026-APR-2018  7:00PM - 10:00PM R TBA TBANo Final Exam,3
24939,ELEC 498 001,Full Term,INTRODUCTION TO ROBOTICS,O'Malley, Marcia K.,1:00PM - 2:15PM TR KWG 10027-APR-2018  9:00AM - 12:00PM F TBA TBATake-Home Exam,3
22533,ELEC 502 001,Full Term,NEURAL MACHINE LEARNING I,Merenyi, Erzsebet,2:30PM - 3:45PM TR DCH 1064GR Course-Dept Schedules Exam,3
21557,ELEC 513 001,Full Term,COMPLEXITY IN MODERN SYSTEMS,Zhong, Lin,12:20PM - 2:50PM W AEL A121GR Course-Dept Schedules Exam,3
20780,ELEC 526 001,Full Term,HIGH PERFORM COMPUTER ARCH,Varman, Peter J.,9:25AM - 10:40AM TR DCH 1042GR Course-Dept Schedules Exam,3
24307,ELEC 527 002,Full Term,VLSI SYSTEMS DESIGN,Cavallaro, Joseph,1:00PM - 2:15PM TR AEL A11627-APR-2018  9:00AM - 12:00PM F TBA TBAGR Course-Dept Schedules Exam,3
20990,ELEC 529 001,Full Term,ADVANCED COMPUTER NETWORKS,Ng, Tze Sing E.,10:50AM - 12:05PM TR DCH 1042GR Course-Dept Schedules Exam,4
21245,ELEC 531 001,Full Term,STATISTICAL SIGNAL PROCESSING,Johnson, Don H.,1:00PM - 2:15PM TR KCK 101GR Course-Dept Schedules Exam,3
25365,ELEC 536 001,Full Term,ARCH - WIRELESS COMMUNICATIONS,Sabharwal, AshutoshShepard, Clayton W.,2:30PM - 5:00PM T AEL A1162-MAY-2018  9:00AM - 12:00PM W TBA TBAGR Course-Dept Schedules Exam,3
20601,ELEC 544 001,Full Term,ADVANCED DSP,Burrus, C S.,10:00AM - 10:50AM MWF DCH 1075GR Course-Dept Schedules Exam,3
24118,ELEC 546 001,Full Term,INTRO TO COMPUTER VISION,Veeraraghavan, Ashok,4:00PM - 5:15PM TR HRZ 21027-APR-2018  2:00PM - 5:00PM F TBA TBAGR Course-Dept Schedules Exam,3
22590,ELEC 551 001,Full Term,DIGITAL COMMUNICATION,Sabharwal, Ashutosh,1:00PM - 3:30PM R AEL A121GR Course-Dept Schedules Exam,3
22515,ELEC 552 001,Full Term,OP SYS/CONCURRENT PROGRAMMING,Johnson, David B.,2:30PM - 3:45PM TR HRG 10030-APR-2018  2:00PM - 5:00PM M TBA TBAGR Course-Dept Schedules Exam,4
22545,ELEC 558 001,Full Term,DIGITAL SIGNAL PROCESSING,Orchard, Michael T.,11:00AM - 11:50AM MWF DCH 107025-APR-2018  9:00AM - 12:00PM W TBA TBAGR Course-Dept Schedules Exam,3
24882,ELEC 562 001,Full Term,OPTOELECTRONIC DEVICES,Naik, Gururaj V.,4:00PM - 5:15PM TR DCH 1046GR Course-Dept Schedules Exam,3
24886,ELEC 569 001,Full Term,ULTRAFAST OPTICAL PHENOMENA,Kono, Junichiro,10:50AM - 12:05PM TR BRK 103GR Course-Dept Schedules Exam,3
22347,ELEC 575 001,Full Term,LEARNING FROM SENSOR DATA,Azhang, Behnam,9:25AM - 10:40AM TR DCH 1070GR Course-Dept Schedules Exam,3
25458,ELEC 586 001,Full Term,FUND MEDICAL IMAGING II,Mawlawi, Osama,4:00PM - 6:50PM R BRC 28527-APR-2018  2:00PM - 5:00PM F TBA TBAGR Course-Dept Schedules Exam,3
22603,ELEC 589 001,Full Term,NEURAL COMPUTATION,Pitkow, Zachary S.,2:30PM - 3:45PM TR KCK 101GR Course-Dept Schedules Exam,3
20154,ELEC 590 001,Full Term,GR NON-THESIS RES PROJECTS,Azhang, Behnam, TBA TBAGR Course-Dept Schedules Exam,1 TO 6
25551,ELEC 590 002,Full Term,GR NON-THESIS RES PROJECTS,Pitkow, Zachary S., TBA TBAGR Course-Dept Schedules Exam,1 TO 6
22045,ELEC 591 001,Full Term,GRAD ELEC ENG'G RESEARCH VIP,Cavallaro, Joseph, TBA TBAGR Course-Dept Schedules Exam,1 TO 6
22047,ELEC 591 002,Full Term,GRAD ELEC ENG'G RESEARCH VIP,Woods, Gary L., TBA TBAGR Course-Dept Schedules Exam,1 TO 6
22049,ELEC 591 003,Full Term,GRAD ELEC ENG'G RESEARCH VIP,Azhang, Behnam, TBA TBAGR Course-Dept Schedules Exam,1 TO 6
22051,ELEC 591 004,Full Term,GRAD ELEC ENG'G RESEARCH VIP,Simar, Ray, TBA TBAGR Course-Dept Schedules Exam,1 TO 6
22053,ELEC 591 005,Full Term,GRAD ELEC ENG'G RESEARCH VIP,Sabharwal, Ashutosh, TBA TBAGR Course-Dept Schedules Exam,1 TO 6
24941,ELEC 598 001,Full Term,INTRODUCTION TO ROBOTICS,O'Malley, Marcia K.,1:00PM - 2:15PM TR KWG 10027-APR-2018  9:00AM - 12:00PM F TBA TBAGR Course-Dept Schedules Exam,3
21532,ELEC 599 002,Full Term,1ST YEAR GRAD STUDENTS PROJECT,Azhang, Behnam,2:00PM - 3:15PM M AEL A121GR Course-Dept Schedules Exam,6
21042,ELEC 603 001,Full Term,TOPICS IN NANOPHOTONICS,Halas, Nancy J., TBA TBAGR Course-Dept Schedules Exam,2
23989,ELEC 631 001,Full Term,DEEP NETWORKS FOR INFERENCE,Baraniuk, Richard G.Heckel, Reinhard W.,2:00PM - 4:30PM F DCH 1075GR Course-Dept Schedules Exam,3
25394,ELEC 677 003,Full Term,ENERGY-EFFICIENT ML SYSTEMS,Lin, Yingyan,4:00PM - 5:15PM MW AEL A121GR Course-Dept Schedules Exam,3
24887,ELEC 680 001,Full Term,NANO-NEUROTECHNOLOGY,Robinson, Jacob T.,2:00PM - 4:30PM W DCH 1046GR Course-Dept Schedules Exam,3
22344,ELEC 681 001,Full Term,FUNDAMENTALS MACHINE LEARNING,Schwanauer, Stephen M.,2:00PM - 4:50PM F AEL A121GR Course-Dept Schedules Exam,3
25559,ELEC 692 001,Full Term,ADV TOPICS IN DISTRIBUTED SYST,Chen, Ang,3:30PM - 5:00PM W TBA TBAGR Course-Dept Schedules Exam,1 TO 3
20155,ELEC 694 001,Full Term,HOW TO BE A CTO,Cutler, Scott E.,9:30AM - 11:00AM W DCH 2014GR Course-Dept Schedules Exam,3
21041,ELEC 698 001,Full Term,ECE PROFESSIONAL MASTER SEM,Orchard, Michael T., TBA TBAGR Course-Dept Schedules Exam,1
20872,ELEC 699 001,Full Term,FRONTIERS OF ECE,Azhang, Behnam, TBA TBAGR Course-Dept Schedules Exam,1
20156,ELEC 800 001,Full Term,RESEARCH AND THESIS,Azhang, Behnam, TBA TBAGR Course-Dept Schedules Exam,1 TO 15
23990,ELEC 800 002,Full Term,RESEARCH AND THESIS,Antoulas, Athanasios C., TBA TBAGR Course-Dept Schedules Exam,1 TO 15
23991,ELEC 800 003,Full Term,RESEARCH AND THESIS,Babakhani, Aydin, TBA TBAGR Course-Dept Schedules Exam,1 TO 15
23992,ELEC 800 004,Full Term,RESEARCH AND THESIS,Baraniuk, Richard G., TBA TBAGR Course-Dept Schedules Exam,1 TO 15
23993,ELEC 800 005,Full Term,RESEARCH AND THESIS,Bharadwaj, Palash, TBA TBAGR Course-Dept Schedules Exam,1 TO 15
23994,ELEC 800 006,Full Term,RESEARCH AND THESIS,Cavallaro, Joseph, TBA TBAGR Course-Dept Schedules Exam,1 TO 15
23995,ELEC 800 007,Full Term,RESEARCH AND THESIS,Halas, Nancy J., TBA TBAGR Course-Dept Schedules Exam,1 TO 15
23996,ELEC 800 008,Full Term,RESEARCH AND THESIS,Kelly, Kevin F., TBA TBAGR Course-Dept Schedules Exam,1 TO 15
23997,ELEC 800 009,Full Term,RESEARCH AND THESIS,Kemere, Caleb T., TBA TBAGR Course-Dept Schedules Exam,1 TO 15
23998,ELEC 800 010,Full Term,RESEARCH AND THESIS,Knightly, Edward W., TBA TBAGR Course-Dept Schedules Exam,1 TO 15
23999,ELEC 800 011,Full Term,RESEARCH AND THESIS,Kono, Junichiro, TBA TBAGR Course-Dept Schedules Exam,1 TO 15
24000,ELEC 800 012,Full Term,RESEARCH AND THESIS,Azhang, Behnam, TBA TBAGR Course-Dept Schedules Exam,1 TO 15
24001,ELEC 800 013,Full Term,RESEARCH AND THESIS,Naik, Gururaj V., TBA TBAGR Course-Dept Schedules Exam,1 TO 15
24002,ELEC 800 014,Full Term,RESEARCH AND THESIS,Orchard, Michael T., TBA TBAGR Course-Dept Schedules Exam,1 TO 15
24003,ELEC 800 015,Full Term,RESEARCH AND THESIS,Pitkow, Zachary S., TBA TBAGR Course-Dept Schedules Exam,1 TO 15
24004,ELEC 800 016,Full Term,RESEARCH AND THESIS,Robinson, Jacob T., TBA TBAGR Course-Dept Schedules Exam,1 TO 15
24005,ELEC 800 017,Full Term,RESEARCH AND THESIS,Sabharwal, Ashutosh, TBA TBAGR Course-Dept Schedules Exam,1 TO 15
24007,ELEC 800 019,Full Term,RESEARCH AND THESIS,Tittel, Frank K., TBA TBAGR Course-Dept Schedules Exam,1 TO 15
24008,ELEC 800 020,Full Term,RESEARCH AND THESIS,Varman, Peter J., TBA TBAGR Course-Dept Schedules Exam,1 TO 15
24009,ELEC 800 021,Full Term,RESEARCH AND THESIS,Veeraraghavan, Ashok, TBA TBAGR Course-Dept Schedules Exam,1 TO 15
24010,ELEC 800 022,Full Term,RESEARCH AND THESIS,Zhong, Lin, TBA TBAGR Course-Dept Schedules Exam,1 TO 15
24011,ELEC 800 023,Full Term,RESEARCH AND THESIS,Drezek, Rebekah A., TBA TBAGR Course-Dept Schedules Exam,1 TO 15
24012,ELEC 800 024,Full Term,RESEARCH AND THESIS,Landes, Christy F., TBA TBAGR Course-Dept Schedules Exam,1 TO 15
24013,ELEC 800 025,Full Term,RESEARCH AND THESIS,Link, Stephan, TBA TBAGR Course-Dept Schedules Exam,1 TO 15
24014,ELEC 800 026,Full Term,RESEARCH AND THESIS,Massoud, Yehia M., TBA TBAGR Course-Dept Schedules Exam,1 TO 15
24015,ELEC 800 027,Full Term,RESEARCH AND THESIS,Morosan, Emilia, TBA TBAGR Course-Dept Schedules Exam,1 TO 15
24016,ELEC 800 028,Full Term,RESEARCH AND THESIS,Ng, Tze Sing E., TBA TBAGR Course-Dept Schedules Exam,1 TO 15
24017,ELEC 800 029,Full Term,RESEARCH AND THESIS,Nordlander, Peter J., TBA TBAGR Course-Dept Schedules Exam,1 TO 15
24018,ELEC 800 030,Full Term,RESEARCH AND THESIS,Palem, Krishna V., TBA TBAGR Course-Dept Schedules Exam,1 TO 15
24019,ELEC 800 031,Full Term,RESEARCH AND THESIS,Rao, Arvind, TBA TBAGR Course-Dept Schedules Exam,1 TO 15
25395,ELEC 800 032,Full Term,RESEARCH AND THESIS,Yang, Kaiyuan, TBA TBAGR Course-Dept Schedules Exam,1 TO 15
25396,ELEC 800 033,Full Term,RESEARCH AND THESIS,Patel, Ankit B., TBA TBAGR Course-Dept Schedules Exam,1 TO 15
25397,ELEC 800 034,Full Term,RESEARCH AND THESIS,St. Pierre, Francois, TBA TBAGR Course-Dept Schedules Exam,1 TO 15
25398,ELEC 800 035,Full Term,RESEARCH AND THESIS,Shrivastava, Anshumali, TBA TBAGR Course-Dept Schedules Exam,1 TO 15
25399,ELEC 800 036,Full Term,RESEARCH AND THESIS,Papageorgiou, Dorina, TBA TBAGR Course-Dept Schedules Exam,1 TO 15
25495,ELEC 800 037,Full Term,RESEARCH AND THESIS,Natelson, Douglas, TBA TBAGR Course-Dept Schedules Exam,1 TO 15
25553,ENGI 120 001,Full Term,INTRO TO ENGINEERING DESIGN,Wettergreen, Matthew A.,10:50AM - 12:05PM TR TBA TBA26-APR-2018  9:00AM - 12:00PM R TBA TBANo Final Exam,3
24577,ENGI 120 002,Full Term,INTRO TO ENGINEERING DESIGN,Hunter, Deirdre-Annaliese N.,10:50AM - 12:05PM TR OED 11426-APR-2018  9:00AM - 12:00PM R TBA TBANo Final Exam,3
21039,ENGI 140 001,Full Term,ENG'G LEADERSHIP DEVELOPMENT,Van Kleeck, David A.Hennessy, James P.Phalen, Thomas E.,3:00PM - 4:50PM W DCC 11329-APR-2018  2:00PM - 5:00PM U TBA TBANo Final Exam,2
21067,ENGI 200 001,Full Term,ENGINEERING DESIGN STUDIO,Wettergreen, Matthew A., TBA TBA2-MAY-2018  7:00PM - 10:00PM W TBA TBANo Final Exam,2 TO 3
21512,ENGI 210 001,Full Term,PROTOTYPING & FABRICATION,Wettergreen, Matthew A.,1:00PM - 2:15PM TR OED B0527-APR-2018  9:00AM - 12:00PM F TBA TBANo Final Exam,3
21058,ENGI 219 001,Full Term,ENGINEERING LEADERSHIP LAB II,Karwowski, Kazimir I.Wright, Cesare A.,1:00PM - 2:50PM M DCC 1131-MAY-2018  9:00AM - 12:00PM T TBA TBANo Final Exam,1
21059,ENGI 219 002,Full Term,ENGINEERING LEADERSHIP LAB II,Karwowski, Kazimir I.Wright, Cesare A.,3:00PM - 4:50PM M DCC 1131-MAY-2018  2:00PM - 5:00PM T TBA TBANo Final Exam,1
25554,ENGI 220 001,Full Term,INTRO TO ENGINEERING DESIGN II,Wettergreen, Matthew A.,10:50AM - 12:05PM TR TBA TBA26-APR-2018  9:00AM - 12:00PM R TBA TBANo Final Exam,3
25312,ENGI 220 002,Full Term,INTRO TO ENGINEERING DESIGN II,Hunter, Deirdre-Annaliese N.,10:50AM - 12:05PM TR OED 11426-APR-2018  9:00AM - 12:00PM R TBA TBANo Final Exam,3
22208,ENGI 242 001,Full Term,COMMUNICATION FOR ENGINEERS,O'Sullivan, Elizabeth C.,2:30PM - 5:00PM M HRG 129No Final Exam,3
20884,ENGI 300 001,Full Term,ENGINEERING DESIGN WORKSHOP,Oden, Zillah M.Hunter, Deirdre-Annaliese N., TBA TBANo Final Exam,2 TO 3
25111,ENGI 301 001,Full Term,INTRO TO PRACTICAL EE,Welsh, Erik J.,7:00PM - 8:15PM TR OED 11430-APR-2018  7:00PM - 10:00PM M TBA TBANo Final Exam,3
20669,ENGI 315 001,Full Term,LEADING TEAMS AND INNOVATION,Van Kleeck, David A.Phalen, Thomas E.,2:30PM - 3:45PM TR HNZ 20730-APR-2018  2:00PM - 5:00PM M TBA TBANo Final Exam,3
21507,ENGI 317 001,Full Term,LEADERSHIP ACTION LEARNING,Karwowski, Kazimir I.Wright, Cesare A.,1:00PM - 2:50PM F TBA TBA25-APR-2018  2:00PM - 5:00PM W TBA TBANo Final Exam,2
21073,ENGI 319 001,Full Term,LEADING ENG LEADERSHIP LAB II,Karwowski, Kazimir I.Wright, Cesare A.,1:00PM - 2:50PM M DCC 1131-MAY-2018  9:00AM - 12:00PM T TBA TBANo Final Exam,1
21074,ENGI 319 002,Full Term,LEADING ENG LEADERSHIP LAB II,Karwowski, Kazimir I.Wright, Cesare A.,3:00PM - 4:50PM M DCC 1131-MAY-2018  2:00PM - 5:00PM T TBA TBANo Final Exam,1
25127,ENGI 350 001,Full Term,NEEDS ID  & DESIGN IMPLEMENT,Hunter, Deirdre-Annaliese N.,2:30PM - 3:45PM TR OED B0530-APR-2018  2:00PM - 5:00PM M TBA TBANo Final Exam,3
20472,ENGI 510 001,Full Term,TECHNICAL AND MANAGERIAL COMM,Mardis, Jerlyn L.,5:00PM - 7:50PM M DCH 1046GR Course-Dept Schedules Exam,3
21508,ENGI 515 001,Full Term,LEADING TEAMS AND INNOVATION,Van Kleeck, David A.Phalen, Thomas E.,2:30PM - 3:45PM TR HNZ 207GR Course-Dept Schedules Exam,3
24579,ENGI 542 001,Full Term,COMMUNICATION FOR ENGINEERS,O'Sullivan, Elizabeth C.,2:30PM - 5:00PM M HRG 129GR Course-Dept Schedules Exam,3
20655,ENGI 545 001,Full Term,STRATEGIC THINKING,Chevallier, Arnaud M.,1:00PM - 3:50PM T RZR 123GR Course-Dept Schedules Exam,3
20466,ENGI 600 001,Full Term,GRADUATE COMMUNICATIONS SEM,Hewitt, Janice L., TBA TBAGR Course-Dept Schedules Exam,0
21495,ENGI 615 001,Full Term,LEADERSHIP COACHING FOR ENGR,Porche, Germaine,3:00PM - 5:50PM M RZR 123GR Course-Dept Schedules Exam,3
22670,GLHT 314 001,Full Term,SUST WTR PURIF FOR DEV WORLD,Loyo Rosales, Jorge E.,11:00AM - 12:15PM MW OED 11425-APR-2018  9:00AM - 12:00PM W TBA TBANo Final Exam,3
20526,GLHT 360 001,Full Term,APPRO DESIGN FOR GLOBAL HEALTH,Bond, Meaghan M.,1:00PM - 2:15PM TR BRC 28427-APR-2018  9:00AM - 12:00PM F TBA TBAScheduled Final Exam-OTR Room,3
20358,GLHT 400 001,Full Term,GLHT INDEPENDENT RESEARCH,Oden, Zillah M.Richards-Kortum, Rebecca R., TBA TBA2-MAY-2018  7:00PM - 10:00PM W TBA TBANo Final Exam,1 TO 3
21001,GLHT 401 001,Full Term,GLHT RESEARCH REPORTING,Richards-Kortum, Rebecca R., TBA TBANo Final Exam,1
20456,GLHT 452 001,Full Term,GLOBAL HEALTH DESIGN II,Oden, Zillah M.,8:30AM - 9:50AM MWF HRG 10026-APR-2018  2:00PM - 5:00PM R TBA TBANo Final Exam,3
22659,GLHT 464 001,Full Term,SOCIAL ENTREPRENEURSHIP,Schuler, Douglas A.,10:50AM - 12:05PM TR MCN 21426-APR-2018  9:00AM - 12:00PM R TBA TBAScheduled Final Exam-Dept Room,3
20073,MECH 200 001,Full Term,CLASSICAL THERMODYNAMICS,Elliott, Matthew,10:50AM - 12:05PM TR MEB 12826-APR-2018  9:00AM - 12:00PM R TBA TBAScheduled Final Exam-OTR Room,3
20074,MECH 211 001,Full Term,ENGINEERING MECHANICS,Fregly, Benjamin,8:00AM - 9:15AM TR MEL 2541-MAY-2018  7:00PM - 10:00PM T TBA TBAScheduled Final Exam-OTR Room,3
20075,MECH 311 001,Full Term,MECHANICS OF SOLIDS,Nagarajaiah, Satish,1:00PM - 2:15PM TR RYN 20127-APR-2018  9:00AM - 12:00PM F TBA TBAScheduled Final Exam-OTR Room,3
22458,MECH 311 003,Full Term,MECHANICS OF SOLIDS,Marquez, Eleazar,10:00AM - 10:50AM MWF MEB 12830-APR-2018  9:00AM - 12:00PM M TBA TBAScheduled Final Exam-OTR Room,3
20076,MECH 331 001,Full Term,JUNIOR LABORATORY I,Marquez, Eleazar,2:30PM - 5:30PM R TBA TBA30-APR-2018  2:00PM - 5:00PM M TBA TBANo Final Exam,1
20077,MECH 331 002,Full Term,JUNIOR LABORATORY I,Marquez, Eleazar,2:00PM - 5:00PM F TBA TBA28-APR-2018  2:00PM - 5:00PM S TBA TBANo Final Exam,1
20078,MECH 332 001,Full Term,JUNIOR LABORATORY II,Chiao, Leroy,2:00PM - 3:30PM M TBA TBA1-MAY-2018  2:00PM - 5:00PM T TBA TBANo Final Exam,1
20079,MECH 332 002,Full Term,JUNIOR LABORATORY II,Chiao, Leroy,3:30PM - 4:50PM M TBA TBA1-MAY-2018  2:00PM - 5:00PM T TBA TBANo Final Exam,1
20080,MECH 332 003,Full Term,JUNIOR LABORATORY II,Chiao, Leroy,2:30PM - 3:50PM T TBA TBA2-MAY-2018  9:00AM - 12:00PM W TBA TBANo Final Exam,1
20081,MECH 332 004,Full Term,JUNIOR LABORATORY II,Chiao, Leroy,4:00PM - 5:30PM T TBA TBA27-APR-2018  2:00PM - 5:00PM F TBA TBANo Final Exam,1
20082,MECH 332 005,Full Term,JUNIOR LABORATORY II,Chiao, Leroy,2:00PM - 3:30PM W TBA TBA28-APR-2018  2:00PM - 5:00PM S TBA TBANo Final Exam,1
20083,MECH 332 006,Full Term,JUNIOR LABORATORY II,Chiao, Leroy,3:30PM - 4:50PM W TBA TBA2-MAY-2018  2:00PM - 5:00PM W TBA TBANo Final Exam,1
20084,MECH 332 007,Full Term,JUNIOR LABORATORY II,Chiao, Leroy,2:30PM - 3:50PM R TBA TBA30-APR-2018  2:00PM - 5:00PM M TBA TBANo Final Exam,1
20085,MECH 332 008,Full Term,JUNIOR LABORATORY II,Chiao, Leroy,4:00PM - 5:30PM R TBA TBANo Final Exam,1
20086,MECH 340 001,Full Term,INDUSTRIAL PROCESS LAB,Gesenhues, Joseph P.,2:00PM - 4:50PM M TBA TBA1-MAY-2018  2:00PM - 5:00PM T TBA TBANo Final Exam,1
20436,MECH 340 002,Full Term,INDUSTRIAL PROCESS LAB,Gesenhues, Joseph P.,2:30PM - 5:30PM T TBA TBA2-MAY-2018  9:00AM - 12:00PM W TBA TBANo Final Exam,1
20087,MECH 340 003,Full Term,INDUSTRIAL PROCESS LAB,Gesenhues, Joseph P.,2:00PM - 4:50PM W TBA TBA28-APR-2018  2:00PM - 5:00PM S TBA TBANo Final Exam,1
20437,MECH 340 004,Full Term,INDUSTRIAL PROCESS LAB,Gesenhues, Joseph P.,2:30PM - 5:30PM R TBA TBA30-APR-2018  2:00PM - 5:00PM M TBA TBANo Final Exam,1
20088,MECH 400 001,Full Term,ADV MECHANICS OF MATERIALS,Stanciulescu, Ilinca,4:00PM - 5:15PM MW RYN 20128-APR-2018  7:00PM - 10:00PM S TBA TBANo Final Exam,3
21554,MECH 401 001,Full Term,MECHANICAL DESIGN APPLICATIONS,Elliott, Matthew,8:00AM - 9:15AM TR MEB 1281-MAY-2018  7:00PM - 10:00PM T TBA TBANo Final Exam,3
24359,MECH 403 001,Full Term,COMPUTER AIDED DESIGN,Akin, John E.,9:25AM - 10:40AM TR MEB 24128-APR-2018  9:00AM - 12:00PM S TBA TBAScheduled Final Exam-Dept Room,3
20464,MECH 404 001,Full Term,MECHANICAL DESIGN PROJECT,Meade, Andrew J., TBA TBA2-MAY-2018  7:00PM - 10:00PM W TBA TBANo Final Exam,1 TO 4
25488,MECH 404 002,Full Term,MECHANICAL DESIGN PROJECT,Gesenhues, Joseph P., TBA TBANo Final Exam,1 TO 4
20483,MECH 408 001,Full Term,CDP II,Elliott, Matthew,8:30AM - 9:50AM MWF HRG 10026-APR-2018  2:00PM - 5:00PM R TBA TBANo Final Exam,3
20089,MECH 412 001,Full Term,VIBRATIONS,Spanos, Pol D.,10:50AM - 12:05PM TR HRZ 21026-APR-2018  9:00AM - 12:00PM R TBA TBANo Final Exam,3
24580,MECH 417 001,Full Term,FINITE ELEMENT ANALYSIS,Akin, John E.,1:00PM - 2:15PM TR MEB 12827-APR-2018  9:00AM - 12:00PM F TBA TBAScheduled Final Exam-OTR Room,3
20091,MECH 420 001,Full Term,FUNDAMENTALS OF CONTROL SYST,Ghorbel, Fathi H.,11:00AM - 11:50AM MWF HRZ 21025-APR-2018  9:00AM - 12:00PM W TBA TBAScheduled Final Exam-OTR Room,3
20092,MECH 481 001,Full Term,HEAT TRANSFER,Bayazitoglu, Yildiz,9:25AM - 10:40AM TR RYN 20128-APR-2018  9:00AM - 12:00PM S TBA TBANo Final Exam,3
20476,MECH 490 001,Full Term,MECH ENG RESEARCH PROJECTS,Schaefer, Laura A., TBA TBA2-MAY-2018  7:00PM - 10:00PM W TBA TBANo Final Exam,1 TO 4
21509,MECH 490 002,Full Term,MECH ENG RESEARCH PROJECTS,Brake, Matthew R., TBA TBA2-MAY-2018  7:00PM - 10:00PM W TBA TBANo Final Exam,1 TO 4
24337,MECH 490 003,Full Term,MECH UG RESEARCH PROJECT - VIP,Ghorbel, Fathi H., TBA TBA2-MAY-2018  7:00PM - 10:00PM W TBA TBANo Final Exam,1 TO 4
24936,MECH 490 004,Full Term,MECH ENG RESEARCH PROJECTS,Marquez, Eleazar, TBA TBA2-MAY-2018  7:00PM - 10:00PM W TBA TBANo Final Exam,1 TO 4
25308,MECH 490 005,Full Term,MECH ENG RESEARCH PROJECTS,Meade, Andrew J., TBA TBA2-MAY-2018  7:00PM - 10:00PM W TBA TBANo Final Exam,1 TO 4
25354,MECH 490 006,Full Term,MECH ENG RESEARCH PROJECTS,O'Malley, Marcia K., TBA TBA2-MAY-2018  7:00PM - 10:00PM W TBA TBANo Final Exam,1 TO 4
25369,MECH 490 007,Full Term,MECH ENG RESEARCH PROJECTS,Higgs, Cecil F., TBA TBA2-MAY-2018  7:00PM - 10:00PM W TBA TBANo Final Exam,1 TO 4
24704,MECH 498 001,Full Term,INTRODUCTION TO ROBOTICS,O'Malley, Marcia K.,1:00PM - 2:15PM TR KWG 10027-APR-2018  9:00AM - 12:00PM F TBA TBATake-Home Exam,3
20093,MECH 500 001,Full Term,ADV MECHANICS OF MATERIALS,Stanciulescu, Ilinca,4:00PM - 5:15PM MW RYN 201GR Course-Dept Schedules Exam,3
20094,MECH 502 001,Full Term,VIBRATIONS,Spanos, Pol D.,10:50AM - 12:05PM TR HRZ 210GR Course-Dept Schedules Exam,3
24943,MECH 503 001,Full Term,COMPUTER AIDED DESIGN,Akin, John E.,2:30PM - 3:45PM TR MEB 241GR Course-Dept Schedules Exam,3
24213,MECH 505 001,Full Term,NUMERICAL METHODS,Brake, Matthew R.,2:00PM - 3:15PM MW MEB 128GR Course-Dept Schedules Exam,3
24582,MECH 517 001,Full Term,FINITE ELEMENT ANALYSIS,Akin, John E.,1:00PM - 2:15PM TR MEB 12827-APR-2018  9:00AM - 12:00PM F TBA TBAGR Course-Dept Schedules Exam,3
24942,MECH 555 001,Full Term,COMPUTATIONAL FSI,Tezduyar, Tayfun E.,9:25AM - 10:40AM TR MEB 128GR Course-Dept Schedules Exam,3
24294,MECH 572 004,Full Term,AEROSPACE SYSTEMS ENGINEERING,Meade, Andrew J.,4:00PM - 5:15PM TR MEB 128GR Course-Dept Schedules Exam,3
24053,MECH 575 001,Full Term,INTRO HYDRODYNAMIC STABILITY,Hassanzadeh, Pedram,9:25AM - 10:40AM TR MEL 254GR Course-Dept Schedules Exam,3
25384,MECH 595 001,Full Term,MODELING TISSUE MECHANICS,Boriek, A M.,2:00PM - 3:15PM MW HBH 22GR Course-Dept Schedules Exam,3
24587,MECH 596 001,Full Term,INTRO TO FLIGHT MECHANICS,Meade, Andrew J.,6:00PM - 7:15PM TR MEB 128GR Course-Dept Schedules Exam,3
24705,MECH 598 001,Full Term,INTRODUCTION TO ROBOTICS,O'Malley, Marcia K.,1:00PM - 2:15PM TR KWG 10027-APR-2018  9:00AM - 12:00PM F TBA TBAGR Course-Dept Schedules Exam,3
24400,MECH 599 001,Full Term,TRIBOLOGY,Higgs, Cecil F.,6:00PM - 7:15PM TR KCK 107GR Course-Dept Schedules Exam,3
25401,MECH 599 002,Full Term,TRANSLATIONAL NEUROENGINEERING,O'Malley, Marcia K.,2:30PM - 3:45PM TR MEB 128GR Course-Dept Schedules Exam,3
22572,MECH 601 001,Full Term,SPECIAL TOPICS,Spanos, Pol D., TBA TBAGR Course-Dept Schedules Exam,1 TO 9
20096,MECH 606 001,Full Term,GRADUATE SEMINAR,Schaefer, Laura A.,3:30PM - 4:30PM W MEB 128GR Course-Dept Schedules Exam,1
20097,MECH 612 001,Full Term,INDEPENDENT STUDY,Tezduyar, Tayfun E., TBA TBAGR Course-Dept Schedules Exam,1 TO 9
21086,MECH 612 003,Full Term,INDEPENDENT STUDY,O'Malley, Marcia K., TBA TBAGR Course-Dept Schedules Exam,1 TO 9
21129,MECH 612 005,Full Term,INDEPENDENT STUDY,Spanos, Pol D., TBA TBAGR Course-Dept Schedules Exam,1 TO 9
24393,MECH 612 006,Full Term,INDEPENDENT STUDY,Schaefer, Laura A., TBA TBAGR Course-Dept Schedules Exam,1 TO 9
25066,MECH 612 007,Full Term,INDEPENDENT STUDY,Hassanzadeh, Pedram, TBA TBAGR Course-Dept Schedules Exam,1 TO 9
21538,MECH 620 001,Full Term,FUNDAMENTALS OF CONTROL SYST,Ghorbel, Fathi H.,11:00AM - 11:50AM MWF HRZ 210GR Course-Dept Schedules Exam,3
20098,MECH 800 001,Full Term,RESEARCH AND THESIS,Tezduyar, Tayfun E., TBA TBAGR Course-Dept Schedules Exam,1 TO 12
22279,MECH 800 002,Full Term,RESEARCH AND THESIS,Meade, Andrew J., TBA TBAGR Course-Dept Schedules Exam,1 TO 12
22280,MECH 800 003,Full Term,RESEARCH AND THESIS,Ghorbel, Fathi H., TBA TBAGR Course-Dept Schedules Exam,1 TO 12
22281,MECH 800 004,Full Term,RESEARCH AND THESIS,, TBA TBAGR Course-Dept Schedules Exam,1 TO 12
22283,MECH 800 006,Full Term,RESEARCH AND THESIS,O'Malley, Marcia K., TBA TBAGR Course-Dept Schedules Exam,1 TO 12
22285,MECH 800 007,Full Term,RESEARCH AND THESIS,Spanos, Pol D., TBA TBAGR Course-Dept Schedules Exam,1 TO 12
22286,MECH 800 008,Full Term,RESEARCH AND THESIS,Bayazitoglu, Yildiz, TBA TBAGR Course-Dept Schedules Exam,1 TO 12
23984,MECH 800 009,Full Term,RESEARCH AND THESIS,Schaefer, Laura A., TBA TBAGR Course-Dept Schedules Exam,1 TO 12
23985,MECH 800 010,Full Term,RESEARCH AND THESIS,Higgs, Cecil F., TBA TBAGR Course-Dept Schedules Exam,1 TO 12
24588,MECH 800 011,Full Term,RESEARCH AND THESIS,Fregly, Benjamin, TBA TBAGR Course-Dept Schedules Exam,1 TO 12
24934,MECH 800 012,Full Term,RESEARCH AND THESIS,Brake, Matthew R., TBA TBAGR Course-Dept Schedules Exam,1 TO 12
24935,MECH 800 013,Full Term,RESEARCH AND THESIS,Hassanzadeh, Pedram, TBA TBAGR Course-Dept Schedules Exam,1 TO 12
24889,MSNE 007 001,1st Half of Full Term,VISITING RESEARCH,Vajtai, Robert, TBA TBANo Final Exam,0
24890,MSNE 007 002,2nd Half of Full Term,VISITING RESEARCH,Vajtai, Robert, TBA TBANo Final Exam,0
25371,MSNE 210 001,Full Term,WILD TOPICS CHEM AND NANOTECH,Tour, James M.,3:00PM - 3:50PM F DBH 1801-MAY-2018  2:00PM - 5:00PM T TBA TBANo Final Exam,1
24126,MSNE 302 001,Full Term,MATERIALS PROCESSING,Cordero, Zachary C.,11:00AM - 11:50AM MWF MEL 25425-APR-2018  9:00AM - 12:00PM W TBA TBAScheduled Final Exam-OTR Room,3
21194,MSNE 303 001,Full Term,MATERIALS SCIENCE JUNIOR LAB,Cordero, Zachary C.,1:00PM - 3:30PM F RYN B0825-APR-2018  2:00PM - 5:00PM W TBA TBANo Final Exam,1
21431,MSNE 311 001,Full Term,MATERIALS SELECTION & DESIGN,Barrera, Enrique V.,2:00PM - 3:50PM MW KCK 1071-MAY-2018  2:00PM - 5:00PM T TBA TBANo Final Exam,4
21432,MSNE 408 001,Full Term,CAPSTONE DESIGN PROJECT II,Loos, Peter J.,9:00AM - 9:50AM MWF MEB 12826-APR-2018  2:00PM - 5:00PM R TBA TBANo Final Exam,3
25289,MSNE 416 001,Full Term,PROPERTIES OF SOFT MATERIALS,Thomas, Edwin L.,3:00PM - 3:50PM MWF GRB W2111-MAY-2018  2:00PM - 5:00PM T TBA TBAScheduled Final Exam-OTR Room,3
25087,MSNE 417 001,Full Term,POLYMER ELECTRONICS,Egap, Eilaf,1:00PM - 2:15PM TR HBH 42327-APR-2018  9:00AM - 12:00PM F TBA TBAScheduled Final Exam-OTR Room,3
21197,MSNE 433 001,Full Term,COMPUTATIONAL MATERIALS MODEL,Yakobson, Boris I.,10:50AM - 12:05PM TR MEB 24126-APR-2018  9:00AM - 12:00PM R TBA TBANo Final Exam,3
21199,MSNE 435 001,Full Term,CRYSTALLOGRAPHY & DIFFRACTION,Loos, Peter J.,10:00AM - 10:50AM MWF KCK 10230-APR-2018  9:00AM - 12:00PM M TBA TBAScheduled Final Exam-OTR Room,3
21568,MSNE 437 001,Full Term,CRYSTALLOGRAPHY & DIFFRAC LAB,Loos, Peter J., TBA TBA2-MAY-2018  7:00PM - 10:00PM W TBA TBAScheduled Final Exam-OTR Room,1
24266,MSNE 450 002,Full Term,MATERIALS SCIENCE SEMINAR,Vajtai, Robert,3:00PM - 3:50PM R DBH 18030-APR-2018  2:00PM - 5:00PM M TBA TBANo Final Exam,0
24267,MSNE 451 002,Full Term,MATERIALS SCIENCE SEMINAR,Vajtai, Robert,3:00PM - 3:50PM R DBH 18030-APR-2018  2:00PM - 5:00PM M TBA TBANo Final Exam,1
21505,MSNE 490 001,Full Term,MATERIAL SCIENCE RESEARCH PROJ,Lou, Jun, TBA TBA2-MAY-2018  7:00PM - 10:00PM W TBA TBANo Final Exam,1 TO 3
21202,MSNE 490 002,Full Term,MATERIAL SCIENCE RESEARCH PROJ,Vajtai, Robert, TBA TBA2-MAY-2018  7:00PM - 10:00PM W TBA TBANo Final Exam,1 TO 3
23186,MSNE 490 003,Full Term,MATERIAL SCIENCE RESEARCH PROJ,Thomas, Edwin L., TBA TBA2-MAY-2018  7:00PM - 10:00PM W TBA TBANo Final Exam,1 TO 3
21537,MSNE 490 004,Full Term,MATERIAL SCIENCE RESEARCH PROJ,Ringe, Emilie, TBA TBANo Final Exam,1 TO 3
25417,MSNE 490 005,Full Term,MATERIAL SCIENCE RESEARCH PROJ,Cordero, Zachary C., TBA TBA2-MAY-2018  7:00PM - 10:00PM W TBA TBANo Final Exam,1 TO 3
24268,MSNE 500 002,Full Term,MATERIALS SCIENCE SEMINAR,Vajtai, Robert,3:00PM - 3:50PM R DBH 180GR Course-Dept Schedules Exam,1
23961,MSNE 501 001,Full Term,GRADUATE STUDENT SEMINAR,Ringe, Emilie,4:00PM - 4:50PM W MEL 254GR Course-Dept Schedules Exam,1
24039,MSNE 505 001,Full Term,MICRO/NANO-STRUCTURE EVOLUTION,Tang, Ming,9:25AM - 10:40AM TR HBH 453GR Course-Dept Schedules Exam,3
24040,MSNE 510 001,Full Term,SCALING CONCEPTS IN MATERIALS,Pimpinelli, Alberto F.,1:00PM - 2:15PM TR TBA TBAGR Course-Dept Schedules Exam,3
25000,MSNE 516 001,Full Term,PROPERTIES OF SOFT MATERIALS,Thomas, Edwin L.,3:00PM - 3:50PM MWF GRB W2111-MAY-2018  2:00PM - 5:00PM T TBA TBAGR Course-Dept Schedules Exam,3
25088,MSNE 517 001,Full Term,POLYMER ELECTRONICS,Egap, Eilaf,1:00PM - 2:15PM TR HBH 42327-APR-2018  9:00AM - 12:00PM F TBA TBAGR Course-Dept Schedules Exam,3
21198,MSNE 533 001,Full Term,COMPUTATIONAL MATERIALS MODEL,Yakobson, Boris I.,10:50AM - 12:05PM TR MEB 241GR Course-Dept Schedules Exam,3
21200,MSNE 535 001,Full Term,CRYSTALLOGRAPHY & DIFFRACTION,Loos, Peter J.,10:00AM - 10:50AM MWF KCK 10230-APR-2018  9:00AM - 12:00PM M TBA TBAGR Course-Dept Schedules Exam,3
21204,MSNE 537 001,Full Term,CRYSTALLOGRAPHY & DIFFRAC LAB,Loos, Peter J., TBA TBA2-MAY-2018  7:00PM - 10:00PM W TBA TBAGR Course-Dept Schedules Exam,1
22088,MSNE 538 001,Full Term,COMPUTATIONAL NANOSCIENCE,Shahsavari, Rouzbeh,6:30PM - 7:45PM TR KCK 105GR Course-Dept Schedules Exam,3
24894,MSNE 560 001,Full Term,COLLOIDAL & INTERFACIAL PHENOM,Biswal, Sibani L.,4:00PM - 5:15PM TR KCK 101GR Course-Dept Schedules Exam,3
21478,MSNE 569 001,Full Term,CORROSION SCIENCE& ENGINEERING,John, Randy C.,11:00AM - 12:15PM MW MEB 128GR Course-Dept Schedules Exam,3
25460,MSNE 580 002,Full Term,MICROSCOPY METHODS,Ringe, Emilie,1:00PM - 2:15PM WF MEL 254GR Course-Dept Schedules Exam,3
22462,MSNE 582 001,Full Term,ELECTRON MICROSOPY CENTER LAB,Ringe, Emilie, TBA TBAGR Course-Dept Schedules Exam,1
25482,MSNE 613 001,2nd Half of Full Term,SOLIDIFICATION,Eranezhuth, Baburaj G.,4:00PM - 4:59PM TR DCH 1042GR Course-Dept Schedules Exam,1
21205,MSNE 621 001,Full Term,M.M.S. RESEARCH PROJECT I,Lou, Jun, TBA TBAGR Course-Dept Schedules Exam,3
22673,MSNE 621 002,Full Term,M.M.S. RESEARCH PROJECT I,Barrera, Enrique V., TBA TBAGR Course-Dept Schedules Exam,3
22694,MSNE 621 003,Full Term,M.M.S. RESEARCH PROJECT I,Ajayan, Pulickel M., TBA TBAGR Course-Dept Schedules Exam,3
23964,MSNE 621 004,Full Term,M.M.S. RESEARCH PROJECT I,Tang, Ming, TBA TBAGR Course-Dept Schedules Exam,3
23965,MSNE 621 005,Full Term,M.M.S. RESEARCH PROJECT I,Cordero, Zachary C., TBA TBAGR Course-Dept Schedules Exam,3
24274,MSNE 621 006,Full Term,M.M.S. RESEARCH PROJECT I,Tour, James M., TBA TBAGR Course-Dept Schedules Exam,3
24456,MSNE 621 007,Full Term,M.M.S. RESEARCH PROJECT I,Egap, Eilaf, TBA TBAGR Course-Dept Schedules Exam,3
25416,MSNE 621 008,Full Term,M.M.S. RESEARCH PROJECT I,Vajtai, Robert, TBA TBAGR Course-Dept Schedules Exam,3
22149,MSNE 622 001,Full Term,M.M.S. RESEARCH PROJECT II,Lou, Jun, TBA TBAGR Course-Dept Schedules Exam,3
23216,MSNE 622 002,Full Term,M.M.S. RESEARCH PROJECT II,Tang, Ming, TBA TBAGR Course-Dept Schedules Exam,3
23966,MSNE 622 003,Full Term,M.M.S. RESEARCH PROJECT II,Ajayan, Pulickel M., TBA TBAGR Course-Dept Schedules Exam,3
23967,MSNE 622 004,Full Term,M.M.S. RESEARCH PROJECT II,Barrera, Enrique V., TBA TBAGR Course-Dept Schedules Exam,3
23968,MSNE 622 005,Full Term,M.M.S. RESEARCH PROJECT II,Thomann, Isabell, TBA TBAGR Course-Dept Schedules Exam,3
23969,MSNE 622 006,Full Term,M.M.S. RESEARCH PROJECT II,Cordero, Zachary C., TBA TBAGR Course-Dept Schedules Exam,3
23970,MSNE 622 007,Full Term,M.M.S. RESEARCH PROJECT II,Tour, James M., TBA TBAGR Course-Dept Schedules Exam,3
24325,MSNE 622 008,Full Term,M.M.S. RESEARCH PROJECT II,Verduzco, Rafael, TBA TBAGR Course-Dept Schedules Exam,3
25511,MSNE 622 009,Full Term,M.M.S. RESEARCH PROJECT II,Egap, Eilaf, TBA TBAGR Course-Dept Schedules Exam,3
21206,MSNE 650 001,Full Term,NANOMATERIALS & NANOMECHANICS,Lou, Jun,1:00PM - 2:15PM TR HBH 453GR Course-Dept Schedules Exam,3
21474,MSNE 800 001,Full Term,RESEARCH AND THESIS,Lou, Jun, TBA TBAGR Course-Dept Schedules Exam,1 TO 12
23971,MSNE 800 002,Full Term,RESEARCH AND THESIS,Ajayan, Pulickel M., TBA TBAGR Course-Dept Schedules Exam,1 TO 12
23972,MSNE 800 003,Full Term,RESEARCH AND THESIS,Barrera, Enrique V., TBA TBAGR Course-Dept Schedules Exam,1 TO 12
23973,MSNE 800 004,Full Term,RESEARCH AND THESIS,Cordero, Zachary C., TBA TBAGR Course-Dept Schedules Exam,1 TO 12
23974,MSNE 800 005,Full Term,RESEARCH AND THESIS,Ringe, Emilie, TBA TBAGR Course-Dept Schedules Exam,1 TO 12
23975,MSNE 800 006,Full Term,RESEARCH AND THESIS,Tang, Ming, TBA TBAGR Course-Dept Schedules Exam,1 TO 12
23976,MSNE 800 007,Full Term,RESEARCH AND THESIS,Thomas, Edwin L., TBA TBAGR Course-Dept Schedules Exam,1 TO 12
23977,MSNE 800 008,Full Term,RESEARCH AND THESIS,Yakobson, Boris I., TBA TBAGR Course-Dept Schedules Exam,1 TO 12
23978,MSNE 800 009,Full Term,RESEARCH AND THESIS,Barron, Andrew R., TBA TBAGR Course-Dept Schedules Exam,1 TO 12
23979,MSNE 800 010,Full Term,RESEARCH AND THESIS,Li, Qilin, TBA TBAGR Course-Dept Schedules Exam,1 TO 12
23980,MSNE 800 011,Full Term,RESEARCH AND THESIS,Shahsavari, Rouzbeh, TBA TBAGR Course-Dept Schedules Exam,1 TO 12
24251,MSNE 800 012,Full Term,RESEARCH AND THESIS,Verduzco, Rafael, TBA TBAGR Course-Dept Schedules Exam,1 TO 12
24252,MSNE 800 013,Full Term,RESEARCH AND THESIS,Natelson, Douglas, TBA TBAGR Course-Dept Schedules Exam,1 TO 12
24346,MSNE 800 014,Full Term,RESEARCH AND THESIS,Pasquali, Matteo, TBA TBAGR Course-Dept Schedules Exam,1 TO 12
25386,MSNE 800 015,Full Term,RESEARCH AND THESIS,Egap, Eilaf, TBA TBAGR Course-Dept Schedules Exam,1 TO 12
21112,SSPB 550 001,Full Term,GRADUATE SEMINAR,Levine, Herbert,12:30PM - 1:30PM T TBA TBAGR Course-Dept Schedules Exam,1
21549,SSPB 575 001,Full Term,INTRODUCTION TO RESEARCH,Bennett, Matthew, TBA TBAGR Course-Dept Schedules Exam,2
21238,SSPB 599 001,Full Term,GRADUATE TEACHING IN SSPB,Silberg, Jonathan J., TBA TBAGR Course-Dept Schedules Exam,1
21114,SSPB 800 001,Full Term,GRADUATE RESEARCH,Silberg, Jonathan J., TBA TBAGR Course-Dept Schedules Exam,1 TO 15
24900,SSPB 800 002,Full Term,GRADUATE RESEARCH,Tabor, Jeffrey, TBA TBAGR Course-Dept Schedules Exam,1 TO 15
24901,SSPB 800 003,Full Term,GRADUATE RESEARCH,Bennett, Matthew, TBA TBAGR Course-Dept Schedules Exam,1 TO 15
24902,SSPB 800 004,Full Term,GRADUATE RESEARCH,Segatori, Laura, TBA TBAGR Course-Dept Schedules Exam,1 TO 15
24903,SSPB 800 005,Full Term,GRADUATE RESEARCH,Levine, Herbert, TBA TBAGR Course-Dept Schedules Exam,1 TO 15
24904,SSPB 800 006,Full Term,GRADUATE RESEARCH,Diehl, Michael R., TBA TBAGR Course-Dept Schedules Exam,1 TO 15
24905,SSPB 800 007,Full Term,GRADUATE RESEARCH,Zhang, David Y., TBA TBAGR Course-Dept Schedules Exam,1 TO 15
24906,SSPB 800 008,Full Term,GRADUATE RESEARCH,Warmflash, Aryeh, TBA TBAGR Course-Dept Schedules Exam,1 TO 15
24907,SSPB 800 009,Full Term,GRADUATE RESEARCH,Ma, Jianpeng, TBA TBAGR Course-Dept Schedules Exam,1 TO 15
24908,SSPB 800 010,Full Term,GRADUATE RESEARCH,Onuchic, Jose, TBA TBAGR Course-Dept Schedules Exam,1 TO 15
24909,SSPB 800 011,Full Term,GRADUATE RESEARCH,Wolynes, Peter, TBA TBAGR Course-Dept Schedules Exam,1 TO 15
24910,SSPB 800 012,Full Term,GRADUATE RESEARCH,Igoshin, Oleg, TBA TBAGR Course-Dept Schedules Exam,1 TO 15
24911,SSPB 800 013,Full Term,GRADUATE RESEARCH,Bao, Gang, TBA TBAGR Course-Dept Schedules Exam,1 TO 15
24912,SSPB 800 014,Full Term,GRADUATE RESEARCH,Shamoo, Yousif, TBA TBAGR Course-Dept Schedules Exam,1 TO 15
24913,SSPB 800 015,Full Term,GRADUATE RESEARCH,St. Pierre, Francois, TBA TBAGR Course-Dept Schedules Exam,1 TO 15
24914,SSPB 800 016,Full Term,GRADUATE RESEARCH,Deem, Michael W., TBA TBAGR Course-Dept Schedules Exam,1 TO 15
24915,SSPB 800 017,Full Term,GRADUATE RESEARCH,Warmflash, AryehQutub, Amina A., TBA TBAGR Course-Dept Schedules Exam,1 TO 15
24916,SSPB 800 018,Full Term,GRADUATE RESEARCH,Kimmel, Marek, TBA TBAGR Course-Dept Schedules Exam,1 TO 15
25468,SSPB 800 019,Full Term,GRADUATE RESEARCH,Clementi, Cecilia, TBA TBAGR Course-Dept Schedules Exam,1 TO 15
25514,SSPB 800 020,Full Term,GRADUATE RESEARCH,Gonzalez, Ramon, TBA TBAGR Course-Dept Schedules Exam,1 TO 15
20497,STAT 280 S01,Full Term,ELEMENTARY APPLIED STATISTICS,Atkinson, Edward N.,1:00PM - 1:50PM MWF KCK 1007:00PM - 8:50PM U DCH Sym II Lab1-MAY-2018  9:00AM - 12:00PM T TBA TBATake-Home Exam,4
20613,STAT 280 S02,Full Term,ELEMENTARY APPLIED STATISTICS,Atkinson, Edward N.,1:00PM - 1:50PM MWF KCK 1007:00PM - 8:50PM M DCH Sym II Lab1-MAY-2018  9:00AM - 12:00PM T TBA TBATake-Home Exam,4
23308,STAT 305 001,Full Term,INTRO TO STAT FOR BIOSCIENCES,Atkinson, Edward N.,9:00AM - 9:50AM MWF DCH 10707:00PM - 8:50PM T SEW 10126-APR-2018  2:00PM - 5:00PM R TBA TBATake-Home Exam,4
23304,STAT 305 002,Full Term,INTRO TO STAT FOR BIOSCIENCES,Atkinson, Edward N.,9:00AM - 9:50AM MWF DCH 10707:00PM - 8:50PM M SEW 10126-APR-2018  2:00PM - 5:00PM R TBA TBATake-Home Exam,4
21319,STAT 310 002,Full Term,PROBABILITY & STATISTICS,Bertolusso, Roberto L.,1:00PM - 2:15PM TR HRZ AMP27-APR-2018  9:00AM - 12:00PM F TBA TBANo Final Exam,3
24161,STAT 310 003,Full Term,PROBABILITY & STATISTICS,Scott, David W.,1:00PM - 2:15PM TR DCH 107027-APR-2018  9:00AM - 12:00PM F TBA TBATake-Home Exam,3
25446,STAT 310 004,Full Term,PROBABILITY & STATISTICS,White, Benjamin M.,1:00PM - 2:15PM TR ABL 13127-APR-2018  9:00AM - 12:00PM F TBA TBAScheduled Final Exam-OTR Room,3
20338,STAT 313 001,Full Term,UNCERT & RISK IN URBAN INFRAST,Duenas Osorio, Leonardo A.,10:00AM - 10:50AM MWF KCK 10530-APR-2018  9:00AM - 12:00PM M TBA TBAScheduled Final Exam-OTR Room,3
25355,STAT 376 001,Full Term,ECONOMETRICS,Brown, Bryan W.,9:00AM - 9:50AM MWF BKH 1167:00PM - 7:50PM M BKH 116Scheduled Final Exam-OTR Room,4
25356,STAT 376 002,Full Term,ECONOMETRICS,Brown, Bryan W.,9:00AM - 9:50AM MWF BKH 1167:00PM - 7:50PM W BKH 116Scheduled Final Exam-OTR Room,4
25357,STAT 376 003,Full Term,ECONOMETRICS,Brown, Bryan W.,1:00PM - 1:50PM MWF BKH 1167:00PM - 7:50PM M BKH 116Scheduled Final Exam-OTR Room,4
25358,STAT 376 004,Full Term,ECONOMETRICS,Brown, Bryan W.,1:00PM - 1:50PM MWF BKH 1167:00PM - 7:50PM W BKH 116Scheduled Final Exam-OTR Room,4
23275,STAT 385 001,Full Term,METHODS FOR DATA ANALYSIS,Dobelman, John A.,2:30PM - 3:45PM TR DCH 10706:00PM - 8:00PM W DCH Sym II Lab30-APR-2018  2:00PM - 5:00PM M TBA TBAScheduled Final Exam-OTR Room,4
23303,STAT 385 002,Full Term,METHODS FOR DATA ANALYSIS,Dobelman, John A.,2:30PM - 3:45PM TR DCH 10706:00PM - 8:00PM T DCH Sym II Lab30-APR-2018  2:00PM - 5:00PM M TBA TBAScheduled Final Exam-OTR Room,4
20841,STAT 405 001,Full Term,R FOR DATA SCIENCE,Bertolusso, Roberto L.,2:30PM - 3:45PM TR DCH Sym II Lab30-APR-2018  2:00PM - 5:00PM M TBA TBANo Final Exam,3
25509,STAT 410 002,Full Term,LINEAR REGRESSION,Kowal, Daniel R.,1:00PM - 2:15PM TR SEW 3017:00PM - 9:00PM R DCH 106427-APR-2018  9:00AM - 12:00PM F TBA TBAScheduled Final Exam-OTR Room,4
20318,STAT 411 001,Full Term,ADVANCED STATISTICAL METHODS,Guerra, Rudy,1:00PM - 2:15PM TR DCH 106427-APR-2018  9:00AM - 12:00PM F TBA TBAScheduled Final Exam-OTR Room,3
25042,STAT 415 001,Full Term,DATA SCIENCE CONSULTING,Allen, Genevera I.,1:00PM - 3:50PM M RZR 1134:00PM - 5:00PM R AEL A1211-MAY-2018  9:00AM - 12:00PM T TBA TBAScheduled Final Exam-OTR Room,3
22482,STAT 419 002,Full Term,STATISTICAL INFERENCE,Schweinberger, Michael,2:30PM - 3:45PM TR DCH 104230-APR-2018  2:00PM - 5:00PM M TBA TBATake-Home Exam,3
22125,STAT 421 001,Full Term,APPLIED TIME SERIES/FORECASTNG,Ensor, Katherine,9:25AM - 10:40AM TR HRZ 21028-APR-2018  9:00AM - 12:00PM S TBA TBAScheduled Final Exam-OTR Room,3
20339,STAT 440 001,2nd Half of Full Term,STATISTICS FOR BIOENGINEERING,Ghosn, Bilal,1:00PM - 1:50PM MWF AEL B209No Final Exam,1
20353,STAT 450 001,Full Term,SENIOR CAPSTONE PROJECT,Cox, Dennis D.,4:00PM - 5:30PM W DCH 10422-MAY-2018  9:00AM - 12:00PM W TBA TBANo Final Exam,3
20259,STAT 453 001,Full Term,BIOSTATISTICS,Yuan, Ying,4:15PM - 5:30PM TR BRC 28427-APR-2018  2:00PM - 5:00PM F TBA TBANo Final Exam,3
23305,STAT 485 001,Full Term,ENVIR STAT & DECISION MAKING,Raun, Loren H.,5:15PM - 6:30PM MW SEW 10126-APR-2018  2:00PM - 5:00PM R TBA TBANo Final Exam,3
23274,STAT 486 001,Full Term,MARKET MODELS,Dobelman, John A.,10:50AM - 12:05PM TR DCH 106426-APR-2018  9:00AM - 12:00PM R TBA TBANo Final Exam,3
20260,STAT 491 001,Full Term,INDEPENDENT STUDY,Dobelman, John A., TBA TBA2-MAY-2018  7:00PM - 10:00PM W TBA TBANo Final Exam,1 TO 6
24450,STAT 491 002,Full Term,INDEPENDENT STUDY,Cox, Dennis D., TBA TBA2-MAY-2018  7:00PM - 10:00PM W TBA TBANo Final Exam,1 TO 6
21317,STAT 499 001,Full Term,COMPUTATIONAL FINANCE,Ensor, KatherineDobelman, John A.,11:00AM - 11:50AM W DCH 107525-APR-2018  9:00AM - 12:00PM W TBA TBANo Final Exam,1 TO 3
22531,STAT 502 001,Full Term,NEURAL MACHINE LEARNING I,Merenyi, Erzsebet,2:30PM - 3:45PM TR DCH 1064GR Course-Dept Schedules Exam,3
20261,STAT 510 001,Full Term,ADVANCED PSYC STATISTICS II,Lane, David M.,1:00PM - 2:15PM TR SEW 460GR Course-Dept Schedules Exam,3
25071,STAT 515 001,Full Term,DATA SCIENCE CONSULTING,Allen, Genevera I.,1:00PM - 3:50PM M RZR 1134:00PM - 5:00PM R AEL A121GR Course-Dept Schedules Exam,3
22483,STAT 519 002,Full Term,STATISTICAL INFERENCE,Schweinberger, Michael,2:30PM - 3:45PM TR DCH 104230-APR-2018  2:00PM - 5:00PM M TBA TBAGR Course-Dept Schedules Exam,3
23761,STAT 533 001,Full Term,FOUNDATIONS OF STAT INF II,Cox, Dennis D.,1:00PM - 2:15PM TR KCK 107GR Course-Dept Schedules Exam,3
25469,STAT 540 001,Full Term,PRACTICUM IN STAT & DATA SCI,Dobelman, John A., TBA TBAGR Course-Dept Schedules Exam,1 TO 2
24661,STAT 550 001,Full Term,NONPARAMETRIC FUNCTION EST,Scott, David W.,2:30PM - 3:45PM TR DCH 1075GR Course-Dept Schedules Exam,3
20262,STAT 553 001,Full Term,BIOSTATISTICS,Yuan, Ying,4:15PM - 5:30PM TR BRC 284GR Course-Dept Schedules Exam,3
20263,STAT 591 001,Full Term,INDEPENDENT STUDY,Allen, Genevera I., TBA TBAGR Course-Dept Schedules Exam,1 TO 6
23116,STAT 591 002,Full Term,INDEPENDENT STUDY,Dobelman, John A., TBA TBAGR Course-Dept Schedules Exam,1 TO 6
23117,STAT 591 003,Full Term,INDEPENDENT STUDY,Ensor, Katherine, TBA TBAGR Course-Dept Schedules Exam,1 TO 6
23118,STAT 591 004,Full Term,INDEPENDENT STUDY,Ernst, Philip A., TBA TBAGR Course-Dept Schedules Exam,1 TO 6
25550,STAT 591 005,Full Term,INDEPENDENT STUDY,Li, Meng, TBA TBANo Final Exam,1 TO 6
23120,STAT 591 006,Full Term,INDEPENDENT STUDY,Kimmel, Marek, TBA TBAGR Course-Dept Schedules Exam,1 TO 6
23121,STAT 591 007,Full Term,INDEPENDENT STUDY,Vannucci, Marina, TBA TBAGR Course-Dept Schedules Exam,1 TO 6
23122,STAT 591 008,Full Term,INDEPENDENT STUDY,Morris, Jeffrey S., TBA TBAGR Course-Dept Schedules Exam,1 TO 6
23123,STAT 591 009,Full Term,INDEPENDENT STUDY,Schweinberger, Michael, TBA TBAGR Course-Dept Schedules Exam,1 TO 6
23124,STAT 591 010,Full Term,INDEPENDENT STUDY,Scott, David W., TBA TBAGR Course-Dept Schedules Exam,1 TO 6
23125,STAT 591 011,Full Term,INDEPENDENT STUDY,Shaw, Chad A., TBA TBAGR Course-Dept Schedules Exam,1 TO 6
23126,STAT 591 012,Full Term,INDEPENDENT STUDY,Thall, Peter F., TBA TBAGR Course-Dept Schedules Exam,1 TO 6
23130,STAT 591 016,Full Term,INDEPENDENT STUDY,Yuan, Ying, TBA TBAGR Course-Dept Schedules Exam,1 TO 6
25405,STAT 591 017,Full Term,INDEPENDENT STUDY,Kowal, Daniel R., TBA TBAGR Course-Dept Schedules Exam,1 TO 6
25519,STAT 591 018,Full Term,INDEPENDENT STUDY,Baladandayuthapani, Veerabhadran, TBA TBAGR Course-Dept Schedules Exam,1 TO 6
20264,STAT 600 001,Full Term,GRADUATE SEMINAR IN STATISTICS,Vannucci, Marina,11:00AM - 11:50AM M DCH 1075GR Course-Dept Schedules Exam,1
20334,STAT 601 001,Full Term,STATISTICS COLLOQUIUM,Vannucci, Marina,4:00PM - 5:30PM M DCH 1070GR Course-Dept Schedules Exam,1
22460,STAT 605 001,Full Term,R FOR DATA SCIENCE,Bertolusso, Roberto L.,2:30PM - 3:45PM TR DCH Sym II LabGR Course-Dept Schedules Exam,3
23273,STAT 606 001,Full Term,SAS STATISTICAL PROGRAMMING,Bertolusso, Roberto L.,4:00PM - 5:15PM TR SEW 101GR Course-Dept Schedules Exam,3
21531,STAT 611 001,Full Term,ECONOMETRICS II,Tang, Xun,9:30AM - 11:00AM MW BKH 271GR Course-Dept Schedules Exam,3
22510,STAT 616 001,Full Term,ADVANCED STATISTICAL METHODS,Guerra, Rudy,1:00PM - 2:15PM TR DCH 106427-APR-2018  9:00AM - 12:00PM F TBA TBAGR Course-Dept Schedules Exam,3
22126,STAT 621 001,Full Term,APPLIED TIME SERIES/FORECASTNG,Ensor, Katherine,9:25AM - 10:40AM TR HRZ 21028-APR-2018  9:00AM - 12:00PM S TBA TBAGR Course-Dept Schedules Exam,3
24980,STAT 625 001,Full Term,ADVANCED BAYESIAN INFERENCE,Li, Meng,10:50AM - 12:05PM TR AEL A121GR Course-Dept Schedules Exam,3
23302,STAT 685 001,Full Term,ENVIR STAT & DECISION MAKING,Raun, Loren H.,5:15PM - 6:30PM MW SEW 101GR Course-Dept Schedules Exam,3
20333,STAT 686 001,Full Term,MARKET MODELS,Dobelman, John A.,10:50AM - 12:05PM TR DCH 1064GR Course-Dept Schedules Exam,3
21318,STAT 699 001,Full Term,COMPUTATIONAL FINANCE,Ensor, KatherineDobelman, John A.,11:00AM - 11:50AM W DCH 1075GR Course-Dept Schedules Exam,1 TO 3
23272,STAT 800 001,Full Term,THESIS,Allen, Genevera I., TBA TBAGR Course-Dept Schedules Exam,1 TO 15
23278,STAT 800 003,Full Term,THESIS,Ensor, Katherine, TBA TBAGR Course-Dept Schedules Exam,1 TO 15
23279,STAT 800 004,Full Term,THESIS,Guerra, Rudy, TBA TBAGR Course-Dept Schedules Exam,1 TO 15
23280,STAT 800 005,Full Term,THESIS,Shaw, Chad A., TBA TBAGR Course-Dept Schedules Exam,1 TO 15
23281,STAT 800 006,Full Term,THESIS,Kimmel, Marek, TBA TBAGR Course-Dept Schedules Exam,1 TO 15
23282,STAT 800 007,Full Term,THESIS,Merenyi, Erzsebet, TBA TBAGR Course-Dept Schedules Exam,1 TO 15
23283,STAT 800 008,Full Term,THESIS,Morris, Jeffrey S., TBA TBAGR Course-Dept Schedules Exam,1 TO 15
23284,STAT 800 009,Full Term,THESIS,Schweinberger, Michael, TBA TBAGR Course-Dept Schedules Exam,1 TO 15
23285,STAT 800 010,Full Term,THESIS,Scott, David W., TBA TBAGR Course-Dept Schedules Exam,1 TO 15
23286,STAT 800 011,Full Term,THESIS,Vannucci, Marina, TBA TBAGR Course-Dept Schedules Exam,1 TO 15
23287,STAT 800 012,Full Term,THESIS,Vannucci, MarinaGuindani, Michele, TBA TBAGR Course-Dept Schedules Exam,1 TO 15
23288,STAT 800 013,Full Term,THESIS,Yuan, Ying, TBA TBAGR Course-Dept Schedules Exam,1 TO 15
24300,STAT 800 014,Full Term,THESIS,Thall, Peter F., TBA TBAGR Course-Dept Schedules Exam,1 TO 15
25507,STAT 800 015,Full Term,THESIS,Ernst, Philip A., TBA TBAGR Course-Dept Schedules Exam,1 TO 15
